Comune;Provincia;Positivi;Positivi per 100 abitanti;Abitanti;Verificato;Data;Codice ISTAT
Chialamberto;TO;27;73;368;;2020/04/20;001075
Odalengo Grande;AL;25;59;423;;2020/04/20;006116
Grana;AT;29;49;595;;2020/04/20;005056
Costanzana;VC;31;41;757;;2020/04/20;002047
Belgirate;VCO;19;38;503;;2020/04/20;103010
Brusasco;TO;50;33;1528;;2020/04/20;001039
Borgolavezzaro;NO;64;32;2030;;2020/04/20;003023
Montechiaro d'Asti;AT;39;31;1266;;2020/04/20;005075
Bosconero;TO;91;29;3133;;2020/04/20;001033
Premosello-Chiovenda;VCO;57;29;1941;;2020/04/20;103057
Dormelletto;NO;69;27;2585;;2020/04/20;003062
Albugnano;AT;13;26;505;;2020/04/20;005002
Valchiusa;TO;27;26;1032;;2020/04/20;001318
Vesime;AT;15;25;608;;2020/04/20;005113
Casal Cermelli;AL;29;24;1221;;2020/04/20;006037
Lozzolo;VC;20;24;824;;2020/04/20;002072
Montegioco;AL;7;23;304;;2020/04/20;006107
Vogogna;VCO;40;23;1756;;2020/04/20;103077
Rocchetta Tanaro;AT;32;23;1422;;2020/04/20;005096
Soglio;AT;3;21;146;;2020/04/20;005107
Roccaforte Mondovì;CN;42;20;2143;;2020/04/20;004190
Sale;AL;80;20;4043;;2020/04/20;006151
Govone;CN;42;19;2217;;2020/04/20;004099
Casalnoceto;AL;19;19;978;;2020/04/20;006040
Fubine Monferrato;AL;30;19;1604;;2020/04/20;006076
Mandello Vitta;NO;4;18;228;;2020/04/20;003090
Pogno;NO;25;18;1415;;2020/04/20;003120
Stazzano;AL;43;18;2395;;2020/04/20;006167
Lauriano;TO;24;17;1436;;2020/04/20;001129
Portacomaro;AT;35;17;2027;;2020/04/20;005087
San Carlo Canavese;TO;63;16;4024;;2020/04/20;001237
Miazzina;VCO;6;16;382;;2020/04/20;103045
Albano Vercellese;VC;5;16;321;;2020/04/20;002003
Paderna;AL;3;16;189;;2020/04/20;006124
Priocca;CN;32;16;1991;;2020/04/20;004176
Desana;VC;17;16;1064;;2020/04/20;002054
Murisengo;AL;22;16;1364;;2020/04/20;006113
Montescheno;VCO;6;15;392;;2020/04/20;103047
Olcenengo;VC;12;15;782;;2020/04/20;002088
Montemagno;AT;16;14;1115;;2020/04/20;005077
Casalbeltrame;NO;13;14;938;;2020/04/20;003037
Cella Monte;AL;7;14;499;;2020/04/20;006056
Castelnuovo Scrivia;AL;74;14;5124;;2020/04/20;006053
Castellazzo Bormida;AL;64;14;4526;;2020/04/20;006047
Roccavione;CN;36;14;2653;;2020/04/20;004192
Camerano Casasco;AT;6;14;442;;2020/04/20;005016
Orta San Giulio;NO;17;13;1322;;2020/04/20;003112
Cavour;TO;73;13;5492;;2020/04/20;001070
Sanfront;CN;30;13;2354;;2020/04/20;004209
Nole;TO;86;13;6817;;2020/04/20;001166
Scarmagno;TO;10;12;830;;2020/04/20;001261
Montaldo Scarampi;AT;9;12;747;;2020/04/20;005074
Moncalvo;AT;35;12;2861;;2020/04/20;005069
Tonco;AT;10;12;809;;2020/04/20;005109
Ghemme;NO;43;12;3499;;2020/04/20;003073
Biandrate;NO;15;12;1302;;2020/04/20;003018
Villaromagnano;AL;8;12;670;;2020/04/20;006186
Villadeati;AL;6;12;487;;2020/04/20;006182
Cavallirio;NO;16;12;1343;;2020/04/20;003047
Cossogno;VCO;8;12;679;;2020/04/20;103023
Sozzago;NO;13;12;1070;;2020/04/20;003141
Cigliano;VC;55;12;4426;;2020/04/20;002042
Cavallermaggiore;CN;66;12;5432;;2020/04/20;004059
Cissone;CN;1;12;86;;2020/04/20;004070
Monleale;AL;6;11;566;;2020/04/20;006101
Gambasca;CN;4;11;350;;2020/04/20;004094
Villastellone;TO;51;11;4659;;2020/04/20;001308
Cinaglio;AT;5;11;443;;2020/04/20;005039
Brandizzo;TO;100;11;8738;;2020/04/20;001034
Collobiano;VC;1;11;88;;2020/04/20;002045
Farigliano;CN;19;11;1777;;2020/04/20;004086
Ternengo;BI;3;11;280;;2020/04/20;096067
Invorio;NO;44;10;4394;;2020/04/20;003082
Villanova Mondovì;CN;59;10;5794;;2020/04/20;004245
Crescentino;VC;75;10;7786;;2020/04/20;002049
Antignano;AT;10;10;961;;2020/04/20;005003
Celle Enomondo;AT;5;10;477;;2020/04/20;005034
Aurano;VCO;1;10;103;;2020/04/20;103005
Guazzora;AL;3;10;303;;2020/04/20;006086
Castelspina;AL;4;10;420;;2020/04/20;006054
Occhieppo Superiore;BI;27;10;2691;;2020/04/20;096041
Pollone;BI;21;10;2112;;2020/04/20;096046
Quattordio;AL;14;9;1587;;2020/04/20;006142
Nebbiuno;NO;17;9;1809;;2020/04/20;003103
Oleggio;NO;134;9;14156;;2020/04/20;003108
Solonghello;AL;2;9;212;;2020/04/20;006164
Terruggia;AL;8;9;928;;2020/04/20;006171
Occhieppo Inferiore;BI;37;9;3902;;2020/04/20;096040
Settime;AT;5;9;550;;2020/04/20;005106
Fontanile;AT;5;9;553;;2020/04/20;005054
Oldenico;VC;2;9;219;;2020/04/20;002089
Vallanzengo;BI;2;9;216;;2020/04/20;096072
Moncrivello;VC;13;9;1395;;2020/04/20;002079
Roaschia;CN;1;9;107;;2020/04/20;004183
Alpignano;TO;144;9;16379;;2020/04/20;001008
Greggio;VC;3;9;349;;2020/04/20;002065
Belveglio;AT;3;9;325;;2020/04/20;005008
San Sebastiano Curone;AL;5;9;583;;2020/04/20;006155
Portula;BI;10;8;1192;;2020/04/20;096048
Cameri;NO;92;8;10856;;2020/04/20;003032
Condove;TO;38;8;4596;;2020/04/20;001093
Lessona;BI;22;8;2724;;2020/04/20;096085
Sezzadio;AL;10;8;1257;;2020/04/20;006161
Ovada;AL;85;8;11299;;2020/04/20;006121
Cercenasco;TO;14;8;1809;;2020/04/20;001071
Ferrere;AT;12;8;1556;;2020/04/20;005053
Castel Rocchero;AT;3;8;391;;2020/04/20;005032
Montacuto;AL;2;8;252;;2020/04/20;006102
Masio;AL;11;8;1364;;2020/04/20;006091
Casasco;AL;1;8;132;;2020/04/20;006041
Omegna;VCO;116;8;15190;;2020/04/20;103050
San Colombano Belmonte;TO;3;8;354;;2020/04/20;001238
Verbania;VCO;233;8;30505;;2020/04/20;103072
Bairo;TO;6;8;800;;2020/04/20;001015
Marene;CN;28;8;3323;;2020/04/20;004117
Carignano;TO;77;8;9274;;2020/04/20;001058
Corio;TO;24;7;3209;;2020/04/20;001094
Volpiano;TO;109;7;15450;;2020/04/20;001314
Inverso Pinasca;TO;5;7;702;;2020/04/20;001122
San Mauro Torinese;TO;125;7;18910;;2020/04/20;001249
San Maurizio Canavese;TO;76;7;10314;;2020/04/20;001248
Antrona Schieranco;VCO;3;7;419;;2020/04/20;103001
Casalino;NO;11;7;1525;;2020/04/20;003040
Brignano-Frascata;AL;3;7;437;;2020/04/20;006024
Viverone;BI;10;7;1411;;2020/04/20;096080
Tortona;AL;197;7;27291;;2020/04/20;006174
Predosa;AL;14;7;1975;;2020/04/20;006140
Pontecurone;AL;26;7;3550;;2020/04/20;006132
Cerreto Grue;AL;2;7;303;;2020/04/20;006058
Castelletto Merli;AL;3;7;448;;2020/04/20;006050
Carezzano;AL;3;7;440;;2020/04/20;006032
Bergamasco;AL;5;7;720;;2020/04/20;006015
Vicolungo;NO;6;7;876;;2020/04/20;003159
Cortanze;AT;2;7;280;;2020/04/20;005046
Trinità;CN;15;7;2246;;2020/04/20;004232
Sommariva del Bosco;CN;47;7;6333;;2020/04/20;004222
Rocca Cigliè;CN;1;7;134;;2020/04/20;004188
Perletto;CN;2;7;269;;2020/04/20;004161
Garessio;CN;20;7;3056;;2020/04/20;004095
Cavallerleone;CN;5;7;686;;2020/04/20;004058
Berzano di San Pietro;AT;3;7;415;;2020/04/20;005009
Canale;CN;40;7;5609;;2020/04/20;004037
Brozolo;TO;3;7;436;;2020/04/20;001037
Cambiano;TO;40;7;5980;;2020/04/20;001048
Premeno;VCO;5;7;730;;2020/04/20;103055
Caravino;TO;6;7;902;;2020/04/20;001056
Cambiasca;VCO;11;7;1623;;2020/04/20;103015
Borgaro Torinese;TO;81;7;11912;;2020/04/20;001028
Isola Sant'Antonio;AL;4;6;685;;2020/04/20;006087
Rocchetta Belbo;CN;1;6;160;;2020/04/20;004193
Carentino;AL;2;6;318;;2020/04/20;006031
Poirino;TO;58;6;10412;;2020/04/20;001197
Villareggia;TO;6;6;1055;;2020/04/20;001304
Morozzo;CN;13;6;2004;;2020/04/20;004144
Pietra Marazzi;AL;5;6;901;;2020/04/20;006129
Polonghera;CN;7;6;1140;;2020/04/20;004171
Priola;CN;4;6;687;;2020/04/20;004177
Pomaretto;TO;6;6;1011;;2020/04/20;001198
Berzano di Tortona;AL;1;6;154;;2020/04/20;006016
Trofarello;TO;69;6;10858;;2020/04/20;001280
Pralormo;TO;12;6;1905;;2020/04/20;001203
Bardonecchia;TO;19;6;3149;;2020/04/20;001022
Casorzo;AT;4;6;618;;2020/04/20;005020
Castell'Alfero;AT;15;6;2671;;2020/04/20;005025
Vignone;VCO;7;6;1195;;2020/04/20;103074
Silvano d'Orba;AL;11;6;1935;;2020/04/20;006162
Serralunga di Crea;AL;3;6;535;;2020/04/20;006159
Locana;TO;9;6;1438;;2020/04/20;001134
Carmagnola;TO;177;6;28969;;2020/04/20;001059
Vercelli;VC;256;6;46035;;2020/04/20;002158
San Gillio;TO;18;6;3193;;2020/04/20;001243
Ozzano Monferrato;AL;8;6;1402;;2020/04/20;006123
Arborio;VC;5;6;862;;2020/04/20;002006
Casteldelfino;CN;1;6;158;;2020/04/20;004047
Scopello;VC;2;6;362;;2020/04/20;002135
Santhià;VC;48;6;8468;;2020/04/20;002133
Borgomanero;NO;136;6;21666;;2020/04/20;003024
Garbagna;AL;4;6;661;;2020/04/20;006079
Dernice;AL;1;6;181;;2020/04/20;006066
Fara Novarese;NO;13;6;2037;;2020/04/20;003065
Garbagna Novarese;NO;9;6;1433;;2020/04/20;003069
Castelletto d'Orba;AL;11;6;1960;;2020/04/20;006049
Monastero di Lanzo;TO;2;6;346;;2020/04/20;001155
Cisterna d'Asti;AT;7;6;1224;;2020/04/20;005040
Lamporo;VC;3;6;508;;2020/04/20;002067
Caresanablot;VC;7;6;1123;;2020/04/20;002031
Miasino;NO;5;6;794;;2020/04/20;003098
Momo;NO;16;6;2494;;2020/04/20;003100
Nibbiola;NO;5;6;827;;2020/04/20;003104
Sizzano;NO;9;6;1430;;2020/04/20;003139
Novara;NO;612;6;104279;;2020/04/20;003106
Romagnano Sesia;NO;23;6;3894;;2020/04/20;003130
Madonna del Sasso;VCO;2;5;405;;2020/04/20;103040
Oggebbio;VCO;4;5;873;;2020/04/20;103049
Casale Monferrato;AL;180;5;33725;;2020/04/20;006039
Pino d'Asti;AT;1;5;219;;2020/04/20;005085
Nonio;VCO;4;5;861;;2020/04/20;103048
Castelletto Monferrato;AL;7;5;1501;;2020/04/20;006051
Pessinetto;TO;3;5;617;;2020/04/20;001188
Villa San Secondo;AT;2;5;381;;2020/04/20;005119
Rivarossa;TO;8;5;1592;;2020/04/20;001218
Rivalba;TO;6;5;1153;;2020/04/20;001213
Alessandria;AL;473;5;93631;;2020/04/20;006003
Acqui Terme;AL;107;5;19604;;2020/04/20;006001
Salbertrand;TO;3;5;617;;2020/04/20;001232
Vanzone con San Carlo;VCO;2;5;382;;2020/04/20;103070
Moiola;CN;1;5;217;;2020/04/20;004123
Casaleggio Novara;NO;5;5;915;;2020/04/20;003039
Ronsecco;VC;3;5;567;;2020/04/20;002118
Borgone Susa;TO;10;5;2209;;2020/04/20;001032
Quinto Vercellese;VC;2;5;399;;2020/04/20;002108
Borgomasino;TO;4;5;788;;2020/04/20;001031
Pezzana;VC;7;5;1292;;2020/04/20;002093
Granozzo con Monticello;NO;7;5;1381;;2020/04/20;003077
Maggiora;NO;8;5;1658;;2020/04/20;003088
Beinasco;TO;83;5;17936;;2020/04/20;001024
Caramagna Piemonte;CN;15;5;3090;;2020/04/20;004041
Cigliè;CN;1;5;185;;2020/04/20;004069
Mondovì;CN;119;5;22406;;2020/04/20;004130
Cerro Tanaro;AT;3;5;607;;2020/04/20;005036
Pocapaglia;CN;17;5;3328;;2020/04/20;004170
Prunetto;CN;2;5;423;;2020/04/20;004178
Vezza d'Alba;CN;12;5;2285;;2020/04/20;004241
Torre Canavese;TO;3;5;601;;2020/04/20;001274
Asti;AT;373;5;76026;;2020/04/20;005005
Melazzo;AL;7;5;1293;;2020/04/20;006092
Sparone;TO;5;5;970;;2020/04/20;001267
Calliano;AT;7;5;1278;;2020/04/20;005014
Castagnole delle Lanze;AT;19;5;3748;;2020/04/20;005022
Sauze d'Oulx;TO;5;5;1096;;2020/04/20;001259
Cerreto d'Asti;AT;1;5;219;;2020/04/20;005035
Susa;TO;31;5;6256;;2020/04/20;001270
Villarboit;VC;2;5;427;;2020/04/20;002163
Bognanco;VCO;1;5;188;;2020/04/20;103012
Mombello Monferrato;AL;5;5;1010;;2020/04/20;006097
Levone;TO;2;5;442;;2020/04/20;001133
Germagno;VCO;1;5;190;;2020/04/20;103032
Alluvioni Piovera;AL;9;5;1738;;2020/04/20;006192
Moncalieri;TO;289;5;57527;;2020/04/20;001156
Sala Biellese;BI;3;5;592;;2020/04/20;096057
Chivasso;TO;137;5;26909;;2020/04/20;001082
Valle San Nicolao;BI;5;5;951;;2020/04/20;096074
Casapinta;BI;2;5;419;;2020/04/20;096014
Netro;BI;5;5;972;;2020/04/20;096039
Magnano;BI;2;5;394;;2020/04/20;096030
Solero;AL;9;5;1665;;2020/04/20;006163
Sant'Agata Fossili;AL;2;5;400;;2020/04/20;006156
San Giorgio Monferrato;AL;6;5;1215;;2020/04/20;006153
Molino dei Torti;AL;3;5;587;;2020/04/20;006096
Roddi;CN;6;4;1630;;2020/04/20;004194
Villanova Monferrato;AL;7;4;1861;;2020/04/20;006185
Racconigi;CN;41;4;9940;;2020/04/20;004179
Front;TO;6;4;1641;;2020/04/20;001109
Feletto;TO;9;4;2265;;2020/04/20;001102
Arignano;TO;4;4;1075;;2020/04/20;001012
Pradleves;CN;1;4;230;;2020/04/20;004173
Biella;BI;166;4;43987;;2020/04/20;096004
Martiniana Po;CN;3;4;747;;2020/04/20;004121
Valperga;TO;13;4;3056;;2020/04/20;001287
Montezemolo;CN;1;4;234;;2020/04/20;004141
Montaldo di Mondovì;CN;2;4;556;;2020/04/20;004134
Fenestrelle;TO;2;4;510;;2020/04/20;001103
Virle Piemonte;TO;5;4;1173;;2020/04/20;001310
Monteu da Po;TO;3;4;854;;2020/04/20;001162
Vaie;TO;5;4;1412;;2020/04/20;001283
Gravere;TO;3;4;676;;2020/04/20;001117
Castello di Annone;AT;7;4;1928;;2020/04/20;005028
Sauze di Cesana;TO;1;4;247;;2020/04/20;001258
Tagliolo Monferrato;AL;6;4;1542;;2020/04/20;006169
Grugliasco;TO;158;4;37592;;2020/04/20;001120
Terzo;AL;3;4;851;;2020/04/20;006172
Settimo Torinese;TO;169;4;46999;;2020/04/20;001265
Trisobbio;AL;3;4;679;;2020/04/20;006176
Nichelino;TO;182;4;47494;;2020/04/20;001164
Valmacca;AL;4;4;1004;;2020/04/20;006178
Torrazza Piemonte;TO;11;4;2957;;2020/04/20;001273
Vicoforte;CN;12;4;3123;;2020/04/20;004242
Trana;TO;15;4;3825;;2020/04/20;001276
Viguzzolo;AL;12;4;3098;;2020/04/20;006181
Cervasca;CN;18;4;5134;;2020/04/20;004064
Coggiola;BI;8;4;1801;;2020/04/20;096019
Bra;CN;108;4;29656;;2020/04/20;004029
Cossato;BI;57;4;14534;;2020/04/20;096020
Chieri;TO;139;4;36958;;2020/04/20;001078
Bollengo;TO;8;4;2167;;2020/04/20;001027
Beura-Cardezza;VCO;6;4;1468;;2020/04/20;103011
Mezzomerico;NO;5;4;1229;;2020/04/20;003097
Salussola;BI;7;4;1924;;2020/04/20;096058
Cintano;TO;1;4;252;;2020/04/20;001084
Galliate;NO;67;4;15719;;2020/04/20;003068
Strona;BI;4;4;1070;;2020/04/20;096065
Valdengo;BI;9;4;2461;;2020/04/20;096071
Curino;BI;2;4;481;;2020/04/20;096023
Vigliano Biellese;BI;28;4;7666;;2020/04/20;096077
Briga Novarese;NO;12;4;2834;;2020/04/20;003026
Arola;VCO;1;4;243;;2020/04/20;103004
Bogogno;NO;5;4;1276;;2020/04/20;003021
Campiglia Cervo;BI;2;4;502;;2020/04/20;096086
Tricerro;VC;3;4;694;;2020/04/20;002147
Villata;VC;7;4;1564;;2020/04/20;002164
Pella;NO;4;4;952;;2020/04/20;003115
Ghislarengo;VC;3;4;857;;2020/04/20;002062
Recetto;NO;4;4;963;;2020/04/20;003129
Romentino;NO;21;4;5621;;2020/04/20;003131
Castellinaldo d'Alba;CN;4;4;924;;2020/04/20;004051
Gaglianico;BI;15;4;3738;;2020/04/20;096026
San Raffaele Cimena;TO;14;4;3117;;2020/04/20;001252
Gattico-Veruno;NO;21;4;5263;;2020/04/20;003166
Massazza;BI;2;4;557;;2020/04/20;096031
Casanova Elvo;VC;1;4;223;;2020/04/20;002033
Vaprio d'Agogna;NO;4;4;992;;2020/04/20;003153
Trecate;NO;80;4;20715;;2020/04/20;003149
Tornaco;NO;4;4;932;;2020/04/20;003146
Suno;NO;10;4;2765;;2020/04/20;003143
Cossano Canavese;TO;2;4;486;;2020/04/20;001095
Mezzana Mortigliengo;BI;2;4;501;;2020/04/20;096033
San Pietro Mosezzo;NO;8;4;1995;;2020/04/20;003135
San Nazzaro Sesia;NO;3;4;738;;2020/04/20;003134
San Maurizio d'Opaglio;NO;12;4;3055;;2020/04/20;003133
San Secondo di Pinerolo;TO;13;4;3617;;2020/04/20;001254
Cavagnolo;TO;9;4;2059;;2020/04/20;001069
Serravalle Scrivia;AL;22;4;6015;;2020/04/20;006160
Pinerolo;TO;132;4;36119;;2020/04/20;001191
Penango;AT;2;4;467;;2020/04/20;005083
Pavarolo;TO;4;4;1135;;2020/04/20;001180
Pavone Canavese;TO;15;4;3848;;2020/04/20;001181
Prascorsano;TO;3;4;753;;2020/04/20;001206
Rocca d'Arazzo;AT;4;4;891;;2020/04/20;005093
Pecetto Torinese;TO;15;4;4045;;2020/04/20;001183
Lombriasco;TO;4;4;1045;;2020/04/20;001136
Robassomero;TO;11;4;3066;;2020/04/20;001220
Rivoli;TO;212;4;48542;;2020/04/20;001219
Craveggia;VCO;3;4;762;;2020/04/20;103024
Rivarolo Canavese;TO;48;4;12462;;2020/04/20;001217
Pinasca;TO;11;4;2937;;2020/04/20;001190
Druogno;VCO;4;4;1064;;2020/04/20;103029
Palazzo Canavese;TO;3;4;837;;2020/04/20;001177
Mazzè;TO;15;4;4142;;2020/04/20;001148
Piverone;TO;6;4;1365;;2020/04/20;001196
Quargnento;AL;5;4;1409;;2020/04/20;006141
Prasco;AL;2;4;492;;2020/04/20;006139
Quincinetto;TO;4;4;1030;;2020/04/20;001210
Camagna Monferrato;AL;2;4;494;;2020/04/20;006026
Porte;TO;4;4;1034;;2020/04/20;001200
Belforte Monferrato;AL;2;4;507;;2020/04/20;006014
Cabella Ligure;AL;2;4;503;;2020/04/20;006025
Bosco Marengo;AL;9;4;2360;;2020/04/20;006021
Ponti;AL;2;4;568;;2020/04/20;006134
Pramollo;TO;1;4;224;;2020/04/20;001204
Gravellona Toce;VCO;32;4;7808;;2020/04/20;103035
Revigliasco d'Asti;AT;3;4;786;;2020/04/20;005090
Fresonara;AL;3;4;669;;2020/04/20;006074
Grognardo;AL;1;4;241;;2020/04/20;006084
Orbassano;TO;82;4;23352;;2020/04/20;001171
Dusino San Michele;AT;4;4;1047;;2020/04/20;005052
Cortiglione;AT;2;4;551;;2020/04/20;005048
Corsione;AT;1;4;223;;2020/04/20;005044
Frugarolo;AL;8;4;1952;;2020/04/20;006075
Giarole;AL;3;4;704;;2020/04/20;006082
Frassineto Po;AL;6;4;1381;;2020/04/20;006073
Coazzolo;AT;1;4;279;;2020/04/20;005041
Lanzo Torinese;TO;18;4;5015;;2020/04/20;001128
San Pietro Val Lemina;TO;5;4;1416;;2020/04/20;001250
Macugnaga;VCO;2;4;542;;2020/04/20;103039
San Didero;TO;2;4;540;;2020/04/20;001239
Parodi Ligure;AL;2;3;650;;2020/04/20;006126
Muzzano;BI;2;3;601;;2020/04/20;096038
Arona;NO;36;3;13952;;2020/04/20;003008
Bellinzago Novarese;NO;32;3;9579;;2020/04/20;003016
Pettenasco;NO;4;3;1374;;2020/04/20;003116
Pontestura;AL;4;3;1420;;2020/04/20;006133
Boca;NO;3;3;1198;;2020/04/20;003019
Casaleggio Boiro;AL;1;3;382;;2020/04/20;006038
Novi Ligure;AL;89;3;28286;;2020/04/20;006114
Vespolate;NO;7;3;2053;;2020/04/20;003158
Pombia;NO;7;3;2171;;2020/04/20;003121
Molare;AL;7;3;2065;;2020/04/20;006095
Tollegno;BI;8;3;2447;;2020/04/20;096068
Arizzano;VCO;7;3;2012;;2020/04/20;103003
Sostegno;BI;2;3;769;;2020/04/20;096064
Gargallo;NO;6;3;1767;;2020/04/20;003070
Castelnuovo Bormida;AL;2;3;700;;2020/04/20;006052
Sandigliano;BI;9;3;2669;;2020/04/20;096059
Cureggio;NO;8;3;2636;;2020/04/20;003058
Lesa;NO;6;3;2211;;2020/04/20;003084
Cerano;NO;21;3;6764;;2020/04/20;003049
Cavaglio d'Agogna;NO;3;3;1172;;2020/04/20;003045
Costa Vescovato;AL;1;3;327;;2020/04/20;006062
Meina;NO;8;3;2422;;2020/04/20;003095
Cremolino;AL;3;3;1068;;2020/04/20;006063
Ghiffa;VCO;8;3;2354;;2020/04/20;103033
Sagliano Micca;BI;5;3;1605;;2020/04/20;096056
Roppolo;BI;3;3;880;;2020/04/20;096054
Ponderano;BI;13;3;3784;;2020/04/20;096047
Mergozzo;VCO;6;3;2165;;2020/04/20;103044
Castellar Guidobono;AL;1;3;398;;2020/04/20;006046
Mornese;AL;2;3;721;;2020/04/20;006111
Bruino;TO;23;3;8696;;2020/04/20;001038
Briona;NO;4;3;1152;;2020/04/20;003027
Ponzano Monferrato;AL;1;3;337;;2020/04/20;006135
Basaluzzo;AL;7;3;2071;;2020/04/20;006012
Bagnolo Piemonte;CN;16;3;5953;;2020/04/20;004009
Beinette;CN;10;3;3448;;2020/04/20;004016
Rivalta Bormida;AL;4;3;1405;;2020/04/20;006144
Sant'Albano Stura;CN;8;3;2365;;2020/04/20;004211
Santa Vittoria d'Alba;CN;10;3;2870;;2020/04/20;004212
Scarnafigi;CN;7;3;2138;;2020/04/20;004217
Somano;CN;1;3;326;;2020/04/20;004221
Toceno;VCO;2;3;729;;2020/04/20;103065
Sommariva Perno;CN;7;3;2769;;2020/04/20;004223
Treiso;CN;2;3;776;;2020/04/20;004230
Villalvernia;AL;3;3;892;;2020/04/20;006183
Mombercelli;AT;7;3;2149;;2020/04/20;005066
Mombaruzzo;AT;3;3;1067;;2020/04/20;005065
Maretto;AT;1;3;378;;2020/04/20;005062
Isola d'Asti;AT;6;3;2030;;2020/04/20;005059
Vignale Monferrato;AL;3;3;981;;2020/04/20;006179
Grazzano Badoglio;AT;2;3;609;;2020/04/20;005057
Villanova Solaro;CN;2;3;740;;2020/04/20;004246
Frinco;AT;2;3;748;;2020/04/20;005055
Valenza;AL;63;3;18634;;2020/04/20;006177
Azzano d'Asti;AT;1;3;368;;2020/04/20;005006
Borgomezzavalle;VCO;1;3;315;;2020/04/20;103078
Rosignano Monferrato;AL;5;3;1511;;2020/04/20;006149
Castel Boglione;AT;2;3;609;;2020/04/20;005024
Tassarolo;AL;2;3;628;;2020/04/20;006170
Cocconato;AT;5;3;1444;;2020/04/20;005042
Spineto Scrivia;AL;1;3;367;;2020/04/20;006166
San Cristoforo;AL;2;3;580;;2020/04/20;006152
Castelnuovo Don Bosco;AT;8;3;3167;;2020/04/20;005031
Piovà Massaia;AT;2;3;606;;2020/04/20;005086
Revello;CN;11;3;4273;;2020/04/20;004180
Quarna Sotto;VCO;1;3;385;;2020/04/20;103059
Fossano;CN;63;3;24225;;2020/04/20;004089
Borgo San Dalmazzo;CN;41;3;12442;;2020/04/20;004025
Boves;CN;25;3;9818;;2020/04/20;004028
Piedimulera;VCO;5;3;1521;;2020/04/20;103053
Brossasco;CN;3;3;1048;;2020/04/20;004033
Caraglio;CN;21;3;6757;;2020/04/20;004040
Cardè;CN;3;3;1147;;2020/04/20;004042
Cellarengo;AT;2;3;702;;2020/04/20;005033
Balzola;AL;4;3;1347;;2020/04/20;006011
Castellino Tanaro;CN;1;3;297;;2020/04/20;004052
Pozzolo Formigaro;AL;14;3;4669;;2020/04/20;006138
Cuneo;CN;173;3;56144;;2020/04/20;004078
Feisoglio;CN;1;3;305;;2020/04/20;004088
Balangero;TO;9;3;3163;;2020/04/20;001016
San Martino Alfieri;AT;2;3;658;;2020/04/20;005099
Guarene;CN;10;3;3592;;2020/04/20;004101
Lagnasco;CN;4;3;1432;;2020/04/20;004104
Castiglione Torinese;TO;22;3;6501;;2020/04/20;001068
Montiglio Monferrato;AT;5;3;1604;;2020/04/20;005121
Vinchio;AT;2;3;576;;2020/04/20;005120
Ricaldone;AL;2;3;647;;2020/04/20;006143
Borriana;BI;3;3;875;;2020/04/20;096006
Murello;CN;3;3;949;;2020/04/20;004146
Paesana;CN;9;3;2713;;2020/04/20;004157
Peveragno;CN;16;3;5600;;2020/04/20;004163
Vigliano d'Asti;AT;2;3;793;;2020/04/20;005116
Benna;BI;3;3;1172;;2020/04/20;096003
Trezzo Tinella;CN;1;3;309;;2020/04/20;004231
Valdilana;BI;32;3;10825;;2020/04/20;096088
Pino Torinese;TO;27;3;8402;;2020/04/20;001192
Cuceglio;TO;3;3;989;;2020/04/20;001096
Val della Torre;TO;12;3;3921;;2020/04/20;001284
Castellamonte;TO;25;3;9946;;2020/04/20;001066
Collegno;TO;169;3;49686;;2020/04/20;001090
Meana di Susa;TO;2;3;788;;2020/04/20;001149
Torino;TO;2855;3;875698;;2020/04/20;001272
Candiolo;TO;19;3;5635;;2020/04/20;001051
Campiglione Fenile;TO;4;3;1341;;2020/04/20;001049
Ciriè;TO;59;3;18576;;2020/04/20;001086
Cinzano;TO;1;3;330;;2020/04/20;001085
Ciconio;TO;1;3;388;;2020/04/20;001083
Valduggia;VC;6;3;1959;;2020/04/20;002152
Santena;TO;37;3;10739;;2020/04/20;001257
Gattinara;VC;20;3;7825;;2020/04/20;002061
Cafasse;TO;9;3;3416;;2020/04/20;001046
Guardabosone;VC;1;3;338;;2020/04/20;002066
Livorno Ferraris;VC;12;3;4334;;2020/04/20;002071
Motta de' Conti;VC;2;3;763;;2020/04/20;002082
Marentino;TO;4;3;1306;;2020/04/20;001144
Cumiana;TO;22;3;7895;;2020/04/20;001097
Pertengo;VC;1;3;296;;2020/04/20;002091
Buronzo;VC;3;3;863;;2020/04/20;002021
Mappano;TO;25;3;7339;;2020/04/20;001316
Vinovo;TO;50;3;15144;;2020/04/20;001309
Caprie;TO;7;3;2085;;2020/04/20;001055
Isolabella;TO;1;3;383;;2020/04/20;001123
Alagna Valsesia;VC;2;3;708;;2020/04/20;002002
La Cassa;TO;5;3;1803;;2020/04/20;001126
Pianezza;TO;44;3;15391;;2020/04/20;001189
La Loggia;TO;29;3;8846;;2020/04/20;001127
Alice Castello;VC;7;3;2580;;2020/04/20;002004
Vestignè;TO;2;3;796;;2020/04/20;001295
Venaria Reale;TO;103;3;33564;;2020/04/20;001292
Favria;TO;15;3;5247;;2020/04/20;001101
Bianzè;VC;6;3;1916;;2020/04/20;002011
Druento;TO;25;3;8863;;2020/04/20;001099
Macello;TO;3;3;1169;;2020/04/20;001142
Borgosesia;VC;40;3;12571;;2020/04/20;002016
Borgo Vercelli;VC;7;3;2250;;2020/04/20;002017
None;TO;25;3;8022;;2020/04/20;001168
Caresana;VC;3;3;1059;;2020/04/20;002030
Perrero;TO;2;3;645;;2020/04/20;001186
Piscina;TO;10;3;3370;;2020/04/20;001195
Roasio;VC;6;3;2336;;2020/04/20;002116
Piobesi Torinese;TO;10;3;3806;;2020/04/20;001193
Perosa Argentina;TO;11;3;3171;;2020/04/20;001184
Pragelato;TO;2;3;775;;2020/04/20;001201
Ozegna;TO;4;3;1227;;2020/04/20;001176
Stroppiana;VC;3;3;1194;;2020/04/20;002142
Ceres;TO;3;3;1045;;2020/04/20;001072
Verolengo;TO;10;2;4841;;2020/04/20;001293
Lombardore;TO;3;2;1735;;2020/04/20;001135
Robilante;CN;5;2;2260;;2020/04/20;004185
Rifreddo;CN;2;2;1044;;2020/04/20;004181
Pallanzeno;VCO;2;2;1148;;2020/04/20;103052
Oglianico;TO;3;2;1489;;2020/04/20;001170
Verrua Savoia;TO;3;2;1398;;2020/04/20;001294
Perosa Canavese;TO;1;2;520;;2020/04/20;001185
San Salvatore Monferrato;AL;8;2;4212;;2020/04/20;006154
Piasco;CN;5;2;2738;;2020/04/20;004166
Caselle Torinese;TO;26;2;13958;;2020/04/20;001063
Leini;TO;37;2;16456;;2020/04/20;001130
Andrate;TO;1;2;499;;2020/04/20;001010
Roccabruna;CN;3;2;1552;;2020/04/20;004187
Avigliana;TO;26;2;12563;;2020/04/20;001013
Borghetto di Borbera;AL;3;2;1957;;2020/04/20;006018
Rocca de' Baldi;CN;3;2;1622;;2020/04/20;004189
Luserna San Giovanni;TO;12;2;7248;;2020/04/20;001139
Lusigliè;TO;1;2;569;;2020/04/20;001141
Sale delle Langhe;CN;1;2;507;;2020/04/20;004199
Pratiglione;TO;1;2;514;;2020/04/20;001207
Saliceto;CN;2;2;1256;;2020/04/20;004201
Saluzzo;CN;28;2;17253;;2020/04/20;004203
Bassignana;AL;3;2;1674;;2020/04/20;006013
San Damiano Macra;CN;1;2;408;;2020/04/20;004207
Almese;TO;14;2;6378;;2020/04/20;001006
Reano;TO;4;2;1774;;2020/04/20;001211
Altavilla Monferrato;AL;1;2;430;;2020/04/20;006007
Villafranca Piemonte;TO;11;2;4616;;2020/04/20;001300
Carbonara Scrivia;AL;2;2;1127;;2020/04/20;006030
Sarezzano;AL;2;2;1173;;2020/04/20;006158
Villar Perosa;TO;10;2;4048;;2020/04/20;001307
Vistrorio;TO;1;2;531;;2020/04/20;001312
Vignole Borbera;AL;4;2;2068;;2020/04/20;006180
Magliano Alpi;CN;4;2;2231;;2020/04/20;004114
Giaglione;TO;1;2;609;;2020/04/20;001114
Manta;CN;9;2;3786;;2020/04/20;004116
Azeglio;TO;2;2;1258;;2020/04/20;001014
Margarita;CN;3;2;1440;;2020/04/20;004118
Giaveno;TO;30;2;16386;;2020/04/20;001115
Givoletto;TO;9;2;3939;;2020/04/20;001116
Piossasco;TO;43;2;18366;;2020/04/20;001194
Ticineto;AL;2;2;1333;;2020/04/20;006173
Monastero di Vasco;CN;3;2;1291;;2020/04/20;004126
Grosso;TO;2;2;1025;;2020/04/20;001119
Monasterolo di Savigliano;CN;3;2;1383;;2020/04/20;004128
Monesiglio;CN;1;2;621;;2020/04/20;004131
Santo Stefano Belbo;CN;7;2;4027;;2020/04/20;004213
Montà;CN;9;2;4701;;2020/04/20;004133
Castagneto Po;TO;3;2;1782;;2020/04/20;001064
Strevi;AL;4;2;1950;;2020/04/20;006168
Monterosso Grana;CN;1;2;526;;2020/04/20;004139
Monteu Roero;CN;4;2;1604;;2020/04/20;004140
Villar Focchiardo;TO;4;2;1967;;2020/04/20;001305
Montecrestese;VCO;3;2;1272;;2020/04/20;103046
Villar Dora;TO;6;2;2892;;2020/04/20;001303
Neive;CN;6;2;3456;;2020/04/20;004148
Niella Tanaro;CN;2;2;1015;;2020/04/20;004151
Cassine;AL;6;2;2943;;2020/04/20;006043
Casale Corte Cerro;VCO;7;2;3466;;2020/04/20;103019
Ornavasso;VCO;6;2;3435;;2020/04/20;103051
Villanova Canavese;TO;2;2;1212;;2020/04/20;001301
Rivalta di Torino;TO;41;2;20068;;2020/04/20;001214
Santo Stefano Roero;CN;3;2;1370;;2020/04/20;004214
Piea;AT;1;2;579;;2020/04/20;005084
Scurzolengo;AT;1;2;545;;2020/04/20;005103
Fabbrica Curone;AL;1;2;610;;2020/04/20;006067
Cunico;AT;1;2;483;;2020/04/20;005051
Costigliole d'Asti;AT;13;2;5771;;2020/04/20;005050
Moriondo Torinese;TO;2;2;843;;2020/04/20;001163
San Giorgio Canavese;TO;6;2;2567;;2020/04/20;001244
Montanaro;TO;10;2;5180;;2020/04/20;001161
Oulx;TO;6;2;3371;;2020/04/20;001175
Montechiaro d'Acqui;AL;1;2;537;;2020/04/20;006106
Sant'Ambrogio di Torino;TO;10;2;4707;;2020/04/20;001255
Sant'Antonino di Susa;TO;10;2;4248;;2020/04/20;001256
Conzano;AL;2;2;966;;2020/04/20;006061
Premia;VCO;1;2;553;;2020/04/20;103056
Gignese;VCO;2;2;1048;;2020/04/20;103034
Tigliole;AT;4;2;1719;;2020/04/20;005108
San Francesco al Campo;TO;10;2;4908;;2020/04/20;001240
Lerma;AL;2;2;820;;2020/04/20;006088
Samone;TO;3;2;1581;;2020/04/20;001235
San Damiano d'Asti;AT;19;2;8305;;2020/04/20;005097
Moasca;AT;1;2;511;;2020/04/20;005063
Caselette;TO;5;2;3030;;2020/04/20;001062
Salerano Canavese;TO;1;2;473;;2020/04/20;001233
Monale;AT;2;2;1004;;2020/04/20;005067
Moncucco Torinese;AT;2;2;890;;2020/04/20;005070
Gavi;AL;10;2;4495;;2020/04/20;006081
Felizzano;AL;4;2;2253;;2020/04/20;006068
Gamalero;AL;2;2;826;;2020/04/20;006078
Stresa;VCO;11;2;4870;;2020/04/20;103064
Refrancore;AT;3;2;1570;;2020/04/20;005089
Montegrosso d'Asti;AT;4;2;2306;;2020/04/20;005076
San Bernardino Verbano;VCO;3;2;1318;;2020/04/20;103061
Nizza Monferrato;AT;17;2;10290;;2020/04/20;005080
Romano Canavese;TO;5;2;2651;;2020/04/20;001223
Coniolo;AL;1;2;453;;2020/04/20;006060
Savigliano;CN;41;2;21605;;2020/04/20;004215
Pasturana;AL;2;2;1276;;2020/04/20;006127
Oviglio;AL;3;2;1234;;2020/04/20;006122
Ala di Stura;TO;1;2;453;;2020/04/20;001003
Traves;TO;1;2;526;;2020/04/20;001279
Domodossola;VCO;40;2;18146;;2020/04/20;103028
Villafranca d'Asti;AT;7;2;3017;;2020/04/20;005117
Pareto;AL;1;2;533;;2020/04/20;006125
Tarantasca;CN;4;2;2157;;2020/04/20;004225
Canelli;AT;19;2;10411;;2020/04/20;005017
Pecetto di Valenza;AL;3;2;1204;;2020/04/20;006128
Villanova d'Asti;AT;10;2;5675;;2020/04/20;005118
Mathi;TO;9;2;3846;;2020/04/20;001146
Rocca Canavese;TO;4;2;1714;;2020/04/20;001221
Serralunga d'Alba;CN;1;2;575;;2020/04/20;004218
Rivara;TO;5;2;2586;;2020/04/20;001216
Vernante;CN;2;2;1152;;2020/04/20;004239
Orsara Bormida;AL;1;2;402;;2020/04/20;006119
Torre Pellice;TO;9;2;4587;;2020/04/20;001275
Vignolo;CN;6;2;2575;;2020/04/20;004243
Volpedo;AL;2;2;1191;;2020/04/20;006188
Villafalletto;CN;6;2;2904;;2020/04/20;004244
Airasca;TO;7;2;3681;;2020/04/20;001002
Pieve Vergonte;VCO;4;2;2518;;2020/04/20;103054
Occimiano;AL;3;2;1288;;2020/04/20;006115
Agliè;TO;5;2;2635;;2020/04/20;001001
Valle Cannobina;VCO;1;2;485;;2020/04/20;103079
Valfenera;AT;5;2;2409;;2020/04/20;005112
Morsasco;AL;1;2;629;;2020/04/20;006112
Mompantero;TO;1;2;649;;2020/04/20;001154
Morano sul Po;AL;3;2;1390;;2020/04/20;006109
Villadossola;VCO;16;2;6522;;2020/04/20;103075
Cerrina Monferrato;AL;3;2;1357;;2020/04/20;006059
Visone;AL;3;2;1237;;2020/04/20;006187
Varallo;VC;14;2;7139;;2020/04/20;002156
Pagno;CN;1;2;560;;2020/04/20;004158
Postua;VC;1;2;578;;2020/04/20;002102
Anzola d'Ossola;VCO;1;2;407;;2020/04/20;103002
Crevacuore;BI;3;2;1498;;2020/04/20;096021
Oleggio Castello;NO;4;2;2177;;2020/04/20;003109
Carrù;CN;10;2;4386;;2020/04/20;004043
Lignana;VC;1;2;557;;2020/04/20;002070
Buttigliera Alta;TO;14;2;6407;;2020/04/20;001045
Gozzano;NO;13;2;5561;;2020/04/20;003076
Candelo;BI;14;2;7521;;2020/04/20;096012
Camburzano;BI;2;2;1154;;2020/04/20;096010
Chiusa di San Michele;TO;3;2;1622;;2020/04/20;001081
Barbania;TO;3;2;1604;;2020/04/20;001021
Centallo;CN;12;2;7018;;2020/04/20;004061
Quarona;VC;9;2;4001;;2020/04/20;002107
Veglio;BI;1;2;477;;2020/04/20;096075
Cherasco;CN;15;2;9290;;2020/04/20;004067
Rive;VC;1;2;447;;2020/04/20;002115
Bricherasio;TO;8;2;4616;;2020/04/20;001035
Castelletto sopra Ticino;NO;15;2;9915;;2020/04/20;003043
Chiomonte;TO;2;2;887;;2020/04/20;001080
Borgo d'Ale;VC;5;2;2341;;2020/04/20;002015
Casalvolone;NO;2;2;864;;2020/04/20;003041
Ronco Biellese;BI;3;2;1509;;2020/04/20;096053
Baveno;VCO;10;2;4919;;2020/04/20;103008
Pralungo;BI;5;2;2370;;2020/04/20;096049
Pray;BI;5;2;2113;;2020/04/20;096050
Barone Canavese;TO;1;2;589;;2020/04/20;001023
Piatto;BI;1;2;504;;2020/04/20;096043
Carisio;VC;2;2;806;;2020/04/20;002032
Pettinengo;BI;3;2;1520;;2020/04/20;096042
Barge;CN;18;2;7616;;2020/04/20;004012
Terdobbiate;NO;1;2;470;;2020/04/20;003144
Pisano;NO;2;2;816;;2020/04/20;003119
Mongrando;BI;9;2;3794;;2020/04/20;096035
Sillavengo;NO;1;2;562;;2020/04/20;003138
Crova;VC;1;2;411;;2020/04/20;002052
Bernezzo;CN;8;2;4156;;2020/04/20;004022
Bossolasco;CN;1;2;638;;2020/04/20;004027
Formigliana;VC;1;2;504;;2020/04/20;002059
Prato Sesia;NO;4;2;1868;;2020/04/20;003122
Cuorgnè;TO;24;2;9677;;2020/04/20;001098
Banchette;TO;5;2;3239;;2020/04/20;001020
Chiaverano;TO;5;2;2058;;2020/04/20;001077
Andorno Micca;BI;5;2;3175;;2020/04/20;096002
Costigliole Saluzzo;CN;7;2;3299;;2020/04/20;004075
Lu e Cuccaro Monferrato;AL;3;2;1404;;2020/04/20;006193
Corneliano d'Alba;CN;5;2;2146;;2020/04/20;004072
Borgo Ticino;NO;10;2;5166;;2020/04/20;003025
Volvera;TO;17;2;8639;;2020/04/20;001315
Dogliani;CN;8;2;4691;;2020/04/20;004081
Saluggia;VC;7;2;3916;;2020/04/20;002128
Bolzano Novarese;NO;2;2;1197;;2020/04/20;003022
Serravalle Sesia;VC;10;2;4891;;2020/04/20;002137
Buriasco;TO;3;2;1351;;2020/04/20;001041
Forno Canavese;TO;8;2;3336;;2020/04/20;001107
Zumaglia;BI;2;2;1021;;2020/04/20;096083
Trino;VC;17;2;7029;;2020/04/20;002148
Envie;CN;4;2;1989;;2020/04/20;004085
Baldissero Torinese;TO;9;2;3680;;2020/04/20;001018
Cellio con Breia;VC;2;2;981;;2020/04/20;002171
Rovasenda;VC;2;2;929;;2020/04/20;002122
Carpignano Sesia;NO;5;2;2518;;2020/04/20;003036
Ameno;NO;2;2;953;;2020/04/20;003002
Quaregna Cerreto;BI;2;1;2041;;2020/04/20;096087
Borgo San Martino;AL;1;1;1398;;2020/04/20;006020
Montaldo Torinese;TO;1;1;720;;2020/04/20;001158
Castelnuovo Calcea;AT;1;1;733;;2020/04/20;005030
Bibiana;TO;3;1;3463;;2020/04/20;001025
Bistagno;AL;2;1;1794;;2020/04/20;006017
Armeno;NO;2;1;2196;;2020/04/20;003006
Tronzano Vercellese;VC;5;1;3454;;2020/04/20;002150
Scalenghe;TO;3;1;3282;;2020/04/20;001260
Prarostino;TO;1;1;1283;;2020/04/20;001205
Varzo;VCO;3;1;2017;;2020/04/20;103071
Montalenghe;TO;1;1;996;;2020/04/20;001159
Montalto Dora;TO;3;1;3401;;2020/04/20;001160
Alba;CN;42;1;31506;;2020/04/20;004003
Agrate Conturbia;NO;2;1;1549;;2020/04/20;003001
Sciolze;TO;2;1;1448;;2020/04/20;001262
Genola;CN;2;1;2653;;2020/04/20;004096
Castagnole Monferrato;AT;1;1;1189;;2020/04/20;005023
Coassolo Torinese;TO;1;1;1497;;2020/04/20;001088
Mezzenile;TO;1;1;797;;2020/04/20;001152
Capriata d'Orba;AL;2;1;1844;;2020/04/20;006029
Camino;AL;1;1;751;;2020/04/20;006027
Baldichieri d'Asti;AT;1;1;1135;;2020/04/20;005007
Varallo Pombia;NO;5;1;4914;;2020/04/20;003154
Bubbio;AT;1;1;837;;2020/04/20;005011
Calamandrana;AT;2;1;1730;;2020/04/20;005013
Settimo Vittone;TO;1;1;1532;;2020/04/20;001266
San Giusto Canavese;TO;2;1;3355;;2020/04/20;001246
Pont-Canavese;TO;3;1;3290;;2020/04/20;001199
Barengo;NO;1;1;788;;2020/04/20;003012
Cassinelle;AL;1;1;881;;2020/04/20;006044
Sordevolo;BI;1;1;1342;;2020/04/20;096063
Sestriere;TO;1;1;935;;2020/04/20;001263
Soriso;NO;1;1;761;;2020/04/20;003140
Viarigi;AT;1;1;879;;2020/04/20;005115
Mirabello Monferrato;AL;1;1;1309;;2020/04/20;006094
San Germano Chisone;TO;1;1;1761;;2020/04/20;001242
Rueglio;TO;1;1;777;;2020/04/20;001230
Arquata Scrivia;AL;8;1;6368;;2020/04/20;006009
Rubiana;TO;3;1;2373;;2020/04/20;001229
Alfiano Natta;AL;1;1;779;;2020/04/20;006004
Rosta;TO;4;1;4957;;2020/04/20;001228
Pancalieri;TO;3;1;2091;;2020/04/20;001178
Re;VCO;1;1;736;;2020/04/20;103060
Prarolo;VC;1;1;726;;2020/04/20;002104
Fontaneto d'Agogna;NO;3;1;2651;;2020/04/20;003066
Rondissone;TO;1;1;1887;;2020/04/20;001225
Chianocco;TO;2;1;1612;;2020/04/20;001076
Divignano;NO;2;1;1414;;2020/04/20;003060
San Marzano Oliveto;AT;1;1;1016;;2020/04/20;005100
Zubiena;BI;1;1;1148;;2020/04/20;096082
Osasio;TO;1;1;917;;2020/04/20;001174
Cressa;NO;2;1;1605;;2020/04/20;003055
Comignago;NO;1;1;1259;;2020/04/20;003052
Riva presso Chieri;TO;7;1;4749;;2020/04/20;001215
Roletto;TO;3;1;2034;;2020/04/20;001222
Gabiano;AL;1;1;1095;;2020/04/20;006077
Coazze;TO;3;1;3236;;2020/04/20;001089
Masera;VCO;1;1;1478;;2020/04/20;103042
Incisa Scapaccino;AT;3;1;2186;;2020/04/20;005058
Valstrona;VCO;1;1;1216;;2020/04/20;103069
Bruzolo;TO;2;1;1526;;2020/04/20;001040
San Germano Vercellese;VC;1;1;1544;;2020/04/20;002131
Sangano;TO;4;1;3752;;2020/04/20;001241
Lenta;VC;1;1;833;;2020/04/20;002068
Tavigliano;BI;1;1;927;;2020/04/20;096066
Casalborgone;TO;2;1;1887;;2020/04/20;001060
Cascinette d'Ivrea;TO;1;1;1511;;2020/04/20;001061
San Benigno Canavese;TO;8;1;6030;;2020/04/20;001236
Santa Maria Maggiore;VCO;1;1;1292;;2020/04/20;103062
Bussoleno;TO;4;1;5941;;2020/04/20;001044
Busano;TO;1;1;1636;;2020/04/20;001043
Marano Ticino;NO;2;1;1651;;2020/04/20;003091
Salassa;TO;1;1;1850;;2020/04/20;001231
Burolo;TO;1;1;1144;;2020/04/20;001042
Palazzolo Vercellese;VC;1;1;1187;;2020/04/20;002090
Borgofranco d'Ivrea;TO;2;1;3672;;2020/04/20;001030
Grignasco;NO;4;1;4478;;2020/04/20;003079
Verzuolo;CN;7;1;6424;;2020/04/20;004240
Agliano Terme;AT;1;1;1592;;2020/04/20;005001
Asigliano Vercellese;VC;1;1;1442;;2020/04/20;002007
Salmour;CN;1;1;724;;2020/04/20;004202
Castelletto Stura;CN;2;1;1380;;2020/04/20;004049
Cavaglià;BI;5;1;3626;;2020/04/20;096016
Castagnito;CN;3;1;2194;;2020/04/20;004046
Cossano Belbo;CN;1;1;952;;2020/04/20;004074
Rocca Grimalda;AL;2;1;1474;;2020/04/20;006147
Casalgrasso;CN;2;1;1438;;2020/04/20;004045
Angrogna;TO;1;1;863;;2020/04/20;001011
Cannero Riviera;VCO;1;1;910;;2020/04/20;103016
Cerrione;BI;3;1;2881;;2020/04/20;096018
Loranzè;TO;1;1;1166;;2020/04/20;001137
Foglizzo;TO;3;1;2319;;2020/04/20;001106
Val di Chy;TO;1;1;1282;;2020/04/20;001317
Varisella;TO;1;1;830;;2020/04/20;001289
Crevoladossola;VCO;3;1;4600;;2020/04/20;103025
Rodello;CN;1;1;957;;2020/04/20;004196
Rossana;CN;1;1;866;;2020/04/20;004197
Diano d'Alba;CN;3;1;3621;;2020/04/20;004080
Villar Pellice;TO;1;1;1069;;2020/04/20;001306
Cortemilia;CN;2;1;2271;;2020/04/20;004073
Montanera;CN;1;1;749;;2020/04/20;004136
Villarbasse;TO;5;1;3455;;2020/04/20;001302
Novello;CN;1;1;983;;2020/04/20;004152
Cervere;CN;3;1;2262;;2020/04/20;004065
Ormea;CN;2;1;1587;;2020/04/20;004155
Ceresole Alba;CN;3;1;2054;;2020/04/20;004062
Ceva;CN;6;1;5697;;2020/04/20;004066
Castiglione Falletto;CN;1;1;699;;2020/04/20;004055
Narzole;CN;2;1;3496;;2020/04/20;004147
Pianfei;CN;2;1;2108;;2020/04/20;004165
Cannobio;VCO;5;1;5120;;2020/04/20;103017
Moretta;CN;6;1;4082;;2020/04/20;004143
Fiano;TO;4;1;2667;;2020/04/20;001104
Venasca;CN;2;1;1388;;2020/04/20;004237
Vigone;TO;3;1;5163;;2020/04/20;001299
Chiusa di Pesio;CN;4;1;3650;;2020/04/20;004068
Cantalupa;TO;3;1;2620;;2020/04/20;001053
Lessolo;TO;1;1;1820;;2020/04/20;001132
Busca;CN;14;1;10174;;2020/04/20;004034
Vauda Canavese;TO;1;1;1447;;2020/04/20;001290
Dronero;CN;9;1;7018;;2020/04/20;004082
Cassano Spinola;AL;2;1;1804;;2020/04/20;006191
Bene Vagienna;CN;5;1;3665;;2020/04/20;004019
Gassino Torinese;TO;11;1;9559;;2020/04/20;001112
Vische;TO;1;1;1268;;2020/04/20;001311
Lequio Tanaro;CN;1;1;741;;2020/04/20;004107
Albiano d'Ivrea;TO;1;1;1646;;2020/04/20;001004
La Morra;CN;3;1;2769;;2020/04/20;004105
Mottalciata;BI;1;1;1354;;2020/04/20;096037
Barolo;CN;1;1;690;;2020/04/20;004013
Masserano;BI;3;1;2094;;2020/04/20;096032
Frossasco;TO;4;1;2866;;2020/04/20;001110
Viù;TO;1;1;1016;;2020/04/20;001313
Grinzane Cavour;CN;2;1;2028;;2020/04/20;004100
Bagnasco;CN;1;1;1020;;2020/04/20;004008
Bee;VCO;1;1;755;;2020/04/20;103009
Valgrana;CN;1;1;777;;2020/04/20;004234
Voltaggio;AL;1;1;709;;2020/04/20;006190
Frabosa Sottana;CN;2;1;1530;;2020/04/20;004091
Lesegno;CN;1;1;829;;2020/04/20;004108
Ivrea;TO;34;1;23442;;2020/04/20;001125
Graglia;BI;2;1;1514;;2020/04/20;096028
Frabosa Soprana;CN;1;1;752;;2020/04/20;004090
Sanfrè;CN;2;1;3042;;2020/04/20;004208
Ponzone;AL;1;1;1012;;2020/04/20;006136
Germagnano;TO;1;1;1166;;2020/04/20;001113
Sampeyre;CN;1;1;993;;2020/04/20;004205
Vallo Torinese;TO;1;1;775;;2020/04/20;001286
San Michele Mondovì;CN;1;1;1933;;2020/04/20;004210
Groscavallo;TO;0;0;199;;2020/04/20;001118
Brovello-Carpugnino;VCO;0;0;711;;2020/04/20;103013
Caprezzo;VCO;0;0;169;;2020/04/20;103018
Denice;AL;0;0;173;;2020/04/20;006065
Osasco;TO;0;0;1153;;2020/04/20;001173
Issiglio;TO;0;0;387;;2020/04/20;001124
Frassinetto;TO;0;0;280;;2020/04/20;001108
Ailoche;BI;0;0;327;;2020/04/20;096001
Spigno Monferrato;AL;0;0;1007;;2020/04/20;006165
Castellania Coppi;AL;0;0;89;;2020/04/20;006045
Parella;TO;0;0;430;;2020/04/20;001179
Verrone;BI;0;0;1247;;2020/04/20;096076
Villamiroglio;AL;0;0;306;;2020/04/20;006184
Cereseto;AL;0;0;403;;2020/04/20;006057
Fraconalto;AL;0;0;317;;2020/04/20;006069
Ingria;TO;0;0;44;;2020/04/20;001121
Bioglio;BI;0;0;886;;2020/04/20;096005
Massiola;VCO;0;0;126;;2020/04/20;103043
Ceresole Reale;TO;0;0;167;;2020/04/20;001073
Castelletto d'Erro;AL;0;0;149;;2020/04/20;006048
Calasca-Castiglione;VCO;0;0;611;;2020/04/20;103014
Zimone;BI;0;0;399;;2020/04/20;096081
Cavatore;AL;0;0;269;;2020/04/20;006055
Treville;AL;0;0;280;;2020/04/20;006175
Cesana Torinese;TO;0;0;943;;2020/04/20;001074
Pertusio;TO;0;0;758;;2020/04/20;001187
Garzigliana;TO;0;0;552;;2020/04/20;001111
Villanova Biellese;BI;0;0;185;;2020/04/20;096079
Fiorano Canavese;TO;0;0;769;;2020/04/20;001105
Villa del Bosco;BI;0;0;335;;2020/04/20;096078
Castelnuovo Nigra;TO;0;0;430;;2020/04/20;001067
Malesco;VCO;0;0;1379;;2020/04/20;103041
Ottiglio;AL;0;0;614;;2020/04/20;006120
Francavilla Bisio;AL;0;0;505;;2020/04/20;006070
Frascaro;AL;0;0;432;;2020/04/20;006071
Momperone;AL;0;0;210;;2020/04/20;006098
Moncestino;AL;0;0;196;;2020/04/20;006099
Mongiardino Ligure;AL;0;0;156;;2020/04/20;006100
Dorzano;BI;0;0;531;;2020/04/20;096025
Gifflenga;BI;0;0;113;;2020/04/20;096027
Pozzol Groppo;AL;0;0;291;;2020/04/20;006137
Montaldeo;AL;0;0;249;;2020/04/20;006103
Maglione;TO;0;0;417;;2020/04/20;001143
Montaldo Bormida;AL;0;0;637;;2020/04/20;006104
Montecastello;AL;0;0;312;;2020/04/20;006105
Castagnole Piemonte;TO;1;0;2244;;2020/04/20;001065
Moncenisio;TO;0;0;35;;2020/04/20;001157
Massello;TO;0;0;54;;2020/04/20;001145
Miagliano;BI;0;0;571;;2020/04/20;096034
Montemarzino;AL;0;0;301;;2020/04/20;006108
Crodo;VCO;0;0;1398;;2020/04/20;103026
Claviere;TO;0;0;210;;2020/04/20;001087
Morbello;AL;0;0;422;;2020/04/20;006110
Rosazza;BI;0;0;91;;2020/04/20;096055
Pomaro Monferrato;AL;0;0;355;;2020/04/20;006131
Mombello di Torino;TO;0;0;390;;2020/04/20;001153
Colleretto Giacosa;TO;0;0;573;;2020/04/20;001092
Mattie;TO;0;0;669;;2020/04/20;001147
Colleretto Castelnuovo;TO;0;0;316;;2020/04/20;001091
Formazza;VCO;0;0;442;;2020/04/20;103031
Odalengo Piccolo;AL;0;0;255;;2020/04/20;006117
Olivola;AL;0;0;113;;2020/04/20;006118
Piedicavallo;BI;0;0;178;;2020/04/20;096044
Mercenasco;TO;0;0;1231;;2020/04/20;001150
Lusernetta;TO;0;0;496;;2020/04/20;001140
Donato;BI;0;0;720;;2020/04/20;096024
Merana;AL;0;0;186;;2020/04/20;006093
Cesara;VCO;0;0;594;;2020/04/20;103022
Frassinello Monferrato;AL;0;0;500;;2020/04/20;006072
Orio Canavese;TO;0;0;774;;2020/04/20;001172
Brusnengo;BI;1;0;2019;;2020/04/20;096007
Callabiana;BI;0;0;133;;2020/04/20;096008
Camandona;BI;0;0;348;;2020/04/20;096009
Sardigliano;AL;0;0;395;;2020/04/20;006157
Novalesa;TO;0;0;538;;2020/04/20;001169
Loreglia;VCO;0;0;233;;2020/04/20;103038
Baceno;VCO;0;0;897;;2020/04/20;103006
Caprile;BI;0;0;190;;2020/04/20;096013
Ceppo Morelli;VCO;0;0;297;;2020/04/20;103021
Torrazzo;BI;0;0;204;;2020/04/20;096069
Lemie;TO;0;0;207;;2020/04/20;001131
Sala Monferrato;AL;0;0;334;;2020/04/20;006150
Exilles;TO;0;0;251;;2020/04/20;001100
Nomaglio;TO;0;0;286;;2020/04/20;001167
Chiesanuova;TO;0;0;233;;2020/04/20;001079
Gremiasco;AL;0;0;317;;2020/04/20;006083
Bannio Anzino;VCO;0;0;478;;2020/04/20;103007
Rocchetta Ligure;AL;0;0;212;;2020/04/20;006148
Castelletto Cervo;BI;0;0;820;;2020/04/20;096015
Grondona;AL;0;0;489;;2020/04/20;006085
Intragna;VCO;0;0;108;;2020/04/20;103037
Noasca;TO;0;0;116;;2020/04/20;001165
Malvicino;AL;0;0;79;;2020/04/20;006090
Roccaforte Ligure;AL;0;0;124;;2020/04/20;006146
Rivarone;AL;0;0;408;;2020/04/20;006145
Gurro;VCO;0;0;199;;2020/04/20;103036
Volpeglino;AL;0;0;132;;2020/04/20;006189
Settimo Rottaro;TO;0;0;472;;2020/04/20;001264
Cartosio;AL;0;0;737;;2020/04/20;006036
Cravanzana;CN;0;0;365;;2020/04/20;004076
Gottasecca;CN;0;0;141;;2020/04/20;004098
Gorzegno;CN;0;0;273;;2020/04/20;004097
Baldissero Canavese;TO;0;0;542;;2020/04/20;001017
Gaiola;CN;0;0;583;;2020/04/20;004093
Frassino;CN;0;0;269;;2020/04/20;004092
Faule;CN;0;0;488;;2020/04/20;004087
Balme;TO;0;0;111;;2020/04/20;001019
Entracque;CN;0;0;859;;2020/04/20;004084
Elva;CN;0;0;94;;2020/04/20;004083
Demonte;CN;0;0;1959;;2020/04/20;004079
Crissolo;CN;0;0;165;;2020/04/20;004077
Clavesana;CN;0;0;805;;2020/04/20;004071
Igliano;CN;0;0;65;;2020/04/20;004102
Cerretto Langhe;CN;0;0;430;;2020/04/20;004063
Celle di Macra;CN;0;0;88;;2020/04/20;004060
Canischio;TO;0;0;277;;2020/04/20;001052
Castino;CN;0;0;486;;2020/04/20;004057
Castiglione Tinella;CN;0;0;829;;2020/04/20;004056
Castelnuovo di Ceva;CN;0;0;106;;2020/04/20;004054
Castelmagno;CN;0;0;60;;2020/04/20;004053
Castelletto Uzzone;CN;0;0;314;;2020/04/20;004050
Balmuccia;VC;0;0;112;;2020/04/20;002008
Cartignano;CN;0;0;174;;2020/04/20;004044
Balocco;VC;0;0;227;;2020/04/20;002009
Cantoira;TO;0;0;576;;2020/04/20;001054
Isasca;CN;0;0;82;;2020/04/20;004103
Caprauna;CN;0;0;97;;2020/04/20;004039
Monforte d'Alba;CN;0;0;1995;;2020/04/20;004132
Pamparato;CN;0;0;295;;2020/04/20;004159
Ostana;CN;0;0;85;;2020/04/20;004156
Oncino;CN;0;0;78;;2020/04/20;004154
Nucetto;CN;0;0;410;;2020/04/20;004153
Niella Belbo;CN;0;0;361;;2020/04/20;004150
Neviglie;CN;0;0;369;;2020/04/20;004149
Murazzano;CN;0;0;832;;2020/04/20;004145
Monticello d'Alba;CN;0;0;2367;;2020/04/20;004142
Montemale di Cuneo;CN;0;0;229;;2020/04/20;004138
Montelupo Albese;CN;0;0;485;;2020/04/20;004137
Montaldo Roero;CN;0;0;846;;2020/04/20;004135
Monchiero;CN;0;0;578;;2020/04/20;004129
Lequio Berria;CN;0;0;464;;2020/04/20;004106
Monasterolo Casotto;CN;0;0;84;;2020/04/20;004127
Mombasiglio;CN;0;0;610;;2020/04/20;004125
Mombarcaro;CN;0;0;264;;2020/04/20;004124
Melle;CN;0;0;288;;2020/04/20;004122
Marsaglia;CN;0;0;222;;2020/04/20;004120
Marmora;CN;0;0;61;;2020/04/20;004119
Mango;CN;0;0;1318;;2020/04/20;004115
Magliano Alfieri;CN;1;0;2196;;2020/04/20;004113
Macra;CN;0;0;56;;2020/04/20;004112
Lisio;CN;0;0;188;;2020/04/20;004111
Limone Piemonte;CN;0;0;1457;;2020/04/20;004110
Boccioleto;VC;0;0;178;;2020/04/20;002014
Canosio;CN;0;0;82;;2020/04/20;004038
Carrosio;AL;0;0;500;;2020/04/20;006035
Rassa;VC;0;0;64;;2020/04/20;002110
Caluso;TO;3;0;7544;;2020/04/20;001047
Fobello;VC;0;0;192;;2020/04/20;002057
Fontanetto Po;VC;0;0;1103;;2020/04/20;002058
Paruzzaro;NO;1;0;2185;;2020/04/20;003114
Bobbio Pellice;TO;0;0;545;;2020/04/20;001026
Mollia;VC;0;0;98;;2020/04/20;002078
Massino Visconti;NO;0;0;1050;;2020/04/20;003093
Borgiallo;TO;0;0;588;;2020/04/20;001029
Landiona;NO;0;0;563;;2020/04/20;003083
Pila;VC;0;0;138;;2020/04/20;002096
Piode;VC;0;0;180;;2020/04/20;002097
Rimella;VC;0;0;135;;2020/04/20;002113
Candia Canavese;TO;0;0;1232;;2020/04/20;001050
Colazza;NO;0;0;451;;2020/04/20;003051
Cavaglietto;NO;0;0;383;;2020/04/20;003044
Castellazzo Novarese;NO;0;0;319;;2020/04/20;003042
Brosso;TO;0;0;394;;2020/04/20;001036
Rossa;VC;0;0;178;;2020/04/20;002121
Salasco;VC;0;0;225;;2020/04/20;002126
Caltignaga;NO;1;0;2517;;2020/04/20;003030
Sali Vercellese;VC;0;0;105;;2020/04/20;002127
Scopa;VC;0;0;391;;2020/04/20;002134
Alto Sermenza;VC;0;0;157;;2020/04/20;002170
Vocca;VC;0;0;161;;2020/04/20;002166
Cravagliana;VC;0;0;250;;2020/04/20;002048
Civiasco;VC;0;0;254;;2020/04/20;002043
Camerana;CN;0;0;594;;2020/04/20;004035
Battifollo;CN;0;0;212;;2020/04/20;004015
Brondello;CN;0;0;282;;2020/04/20;004032
Briga Alta;CN;0;0;40;;2020/04/20;004031
Briaglia;CN;0;0;307;;2020/04/20;004030
Bosia;CN;0;0;180;;2020/04/20;004026
Borgomale;CN;0;0;385;;2020/04/20;004024
Bonvicino;CN;0;0;98;;2020/04/20;004023
Bergolo;CN;0;0;56;;2020/04/20;004021
Benevello;CN;0;0;476;;2020/04/20;004020
Belvedere Langhe;CN;0;0;368;;2020/04/20;004018
Bellino;CN;0;0;104;;2020/04/20;004017
Campertogno;VC;0;0;235;;2020/04/20;002025
Bastia Mondovì;CN;0;0;667;;2020/04/20;004014
Cervatto;VC;0;0;58;;2020/04/20;002041
Barbaresco;CN;0;0;630;;2020/04/20;004011
Baldissero d'Alba;CN;0;0;1060;;2020/04/20;004010
Carcoforo;VC;0;0;76;;2020/04/20;002029
Arguello;CN;0;0;199;;2020/04/20;004007
Argentera;CN;0;0;77;;2020/04/20;004006
Alto;CN;0;0;130;;2020/04/20;004005
Albaretto della Torre;CN;0;0;224;;2020/04/20;004004
Aisone;CN;0;0;220;;2020/04/20;004002
Acceglio;CN;0;0;158;;2020/04/20;004001
Vinzaglio;NO;0;0;561;;2020/04/20;003164
San Giacomo Vercellese;VC;0;0;294;;2020/04/20;002035
Paroldo;CN;0;0;207;;2020/04/20;004160
Perlo;CN;0;0;114;;2020/04/20;004162
Pezzolo Valle Uzzone;CN;0;0;343;;2020/04/20;004164
Maranzana;AT;0;0;257;;2020/04/20;005061
Roure;TO;0;0;797;;2020/04/20;001227
Quaranti;AT;0;0;170;;2020/04/20;005088
Passerano Marmorito;AT;0;0;433;;2020/04/20;005082
Olmo Gentile;AT;0;0;74;;2020/04/20;005081
Moransengo;AT;0;0;189;;2020/04/20;005079
Montafia;AT;0;0;941;;2020/04/20;005073
Montabone;AT;0;0;326;;2020/04/20;005072
Mongardino;AT;0;0;894;;2020/04/20;005071
Monastero Bormida;AT;0;0;917;;2020/04/20;005068
Salza di Pinerolo;TO;0;0;77;;2020/04/20;001234
Mombaldone;AT;0;0;200;;2020/04/20;005064
Loazzolo;AT;0;0;330;;2020/04/20;005060
Robella;AT;0;0;484;;2020/04/20;005092
Trarego Viggiona;VCO;0;0;417;;2020/04/20;103066
Trasquera;VCO;0;0;175;;2020/04/20;103067
Trontano;VCO;0;0;1669;;2020/04/20;103068
Cossombrato;AT;0;0;508;;2020/04/20;005049
Cortazzone;AT;0;0;611;;2020/04/20;005047
Cortandone;AT;0;0;315;;2020/04/20;005045
San Giorio di Susa;TO;0;0;967;;2020/04/20;001245
San Martino Canavese;TO;0;0;817;;2020/04/20;001247
Chiusano d'Asti;AT;0;0;223;;2020/04/20;005038
Cessole;AT;0;0;388;;2020/04/20;005037
Carema;TO;0;0;771;;2020/04/20;001057
Roatto;AT;0;0;382;;2020/04/20;005091
Rorà;TO;0;0;237;;2020/04/20;001226
Pietraporzio;CN;0;0;73;;2020/04/20;004167
Alice Bel Colle;AL;0;0;746;;2020/04/20;006005
Carrega Ligure;AL;0;0;85;;2020/04/20;006034
Carpeneto;AL;0;0;948;;2020/04/20;006033
Cantalupo Ligure;AL;0;0;476;;2020/04/20;006028
Bozzole;AL;0;0;334;;2020/04/20;006023
Bosio;AL;0;0;1178;;2020/04/20;006022
Prali;TO;0;0;239;;2020/04/20;001202
Borgoratto Alessandrino;AL;0;0;550;;2020/04/20;006019
Quagliuzzo;TO;0;0;331;;2020/04/20;001208
Quassolo;TO;0;0;345;;2020/04/20;001209
Avolasca;AL;0;0;262;;2020/04/20;006010
Alzano Scrivia;AL;0;0;350;;2020/04/20;006008
Ribordone;TO;0;0;49;;2020/04/20;001212
Roccaverano;AT;0;0;395;;2020/04/20;005094
Albera Ligure;AL;0;0;300;;2020/04/20;006002
Viale;AT;0;0;243;;2020/04/20;005114
Vaglio Serra;AT;0;0;287;;2020/04/20;005111
Tonengo;AT;0;0;237;;2020/04/20;005110
Quarna Sopra;VCO;0;0;252;;2020/04/20;103058
Sessame;AT;0;0;263;;2020/04/20;005105
Serole;AT;0;0;113;;2020/04/20;005104
San Paolo Solbrito;AT;0;0;1197;;2020/04/20;005101
Ronco Canavese;TO;0;0;300;;2020/04/20;001224
San Giorgio Scarampi;AT;0;0;111;;2020/04/20;005098
Rocchetta Palafea;AT;0;0;346;;2020/04/20;005095
San Ponso;TO;0;0;253;;2020/04/20;001251
San Sebastiano da Po;TO;0;0;1936;;2020/04/20;001253
Castelnuovo Belbo;AT;0;0;847;;2020/04/20;005029
Roccasparvera;CN;0;0;743;;2020/04/20;004191
Sinio;CN;0;0;511;;2020/04/20;004220
Serravalle Langhe;CN;0;0;298;;2020/04/20;004219
Valgioie;TO;0;0;957;;2020/04/20;001285
Scagnello;CN;0;0;175;;2020/04/20;004216
Valprato Soana;TO;0;0;99;;2020/04/20;001288
San Benedetto Belbo;CN;0;0;163;;2020/04/20;004206
Sambuco;CN;0;0;87;;2020/04/20;004204
Sale San Giovanni;CN;0;0;172;;2020/04/20;004200
Ruffia;CN;0;0;363;;2020/04/20;004198
Roddino;CN;0;0;413;;2020/04/20;004195
Alpette;TO;0;0;242;;2020/04/20;001007
Andezeno;TO;1;0;2013;;2020/04/20;001009
Castelletto Molina;AT;0;0;156;;2020/04/20;005027
Roburent;CN;0;0;491;;2020/04/20;004186
Roascio;CN;0;0;100;;2020/04/20;004184
Rittana;CN;0;0;104;;2020/04/20;004182
Venaus;TO;0;0;882;;2020/04/20;001291
Priero;CN;0;0;523;;2020/04/20;004175
Prazzo;CN;0;0;171;;2020/04/20;004174
Vialfrè;TO;0;0;242;;2020/04/20;001296
Pontechianale;CN;0;0;163;;2020/04/20;004172
Vidracco;TO;0;0;528;;2020/04/20;001298
Piozzo;CN;0;0;980;;2020/04/20;004169
Piobesi d'Alba;CN;0;0;1354;;2020/04/20;004168
Usseglio;TO;0;0;201;;2020/04/20;001282
Stroppo;CN;0;0;103;;2020/04/20;004224
Torre Bormida;CN;0;0;171;;2020/04/20;004226
Torre Mondovì;CN;0;0;476;;2020/04/20;004227
Castellero;AT;0;0;290;;2020/04/20;005026
Cassinasco;AT;0;0;607;;2020/04/20;005021
Capriglio;AT;0;0;300;;2020/04/20;005019
Cantarana;AT;0;0;995;;2020/04/20;005018
Calosso;AT;0;0;1244;;2020/04/20;005015
Buttigliera d'Asti;AT;1;0;2542;;2020/04/20;005012
Bruno;AT;0;0;311;;2020/04/20;005010
Villette;VCO;0;0;278;;2020/04/20;103076
Strambinello;TO;0;0;270;;2020/04/20;001268
Strambino;TO;1;0;6290;;2020/04/20;001269
Tavagnasco;TO;0;0;795;;2020/04/20;001271
Aramengo;AT;0;0;565;;2020/04/20;005004
Vottignasco;CN;0;0;512;;2020/04/20;004250
Viola;CN;0;0;359;;2020/04/20;004249
Vinadio;CN;0;0;605;;2020/04/20;004248
Villar San Costanzo;CN;0;0;1535;;2020/04/20;004247
Traversella;TO;0;0;324;;2020/04/20;001278
Verduno;CN;0;0;560;;2020/04/20;004238
Valloriate;CN;0;0;107;;2020/04/20;004235
Valdieri;CN;0;0;910;;2020/04/20;004233
Usseaux;TO;0;0;186;;2020/04/20;001281
Torresina;CN;0;0;48;;2020/04/20;004229
Torre San Giorgio;CN;0;0;732;;2020/04/20;004228
Levice;CN;0;0;210;;2020/04/20;004109
