Comune;Codice ISTAT;Abitanti;Positivi;Rapporto;Data
Antrona Schieranco;103001;-1;0;0;2020/04/05
Anzola d'Ossola;103002;-1;0;0;2020/04/05
Arizzano;103003;-1;6;2.9800000190734863;2020/04/05
Arola;103004;-1;0;0;2020/04/05
Aurano;103005;-1;1;9.710000038146973;2020/04/05
Baceno;103006;-1;0;0;2020/04/05
Bannio Anzino;103007;-1;0;0;2020/04/05
Baveno;103008;-1;7;1.4199999570846558;2020/04/05
Bee;103009;-1;1;1.3200000524520874;2020/04/05
Belgirate;103010;-1;16;31.809999465942383;2020/04/05
Beura-Cardezza;103011;-1;6;4.090000152587891;2020/04/05
Bognanco;103012;-1;0;0;2020/04/05
Brovello-Carpugnino;103013;-1;0;0;2020/04/05
Calasca-Castiglione;103014;-1;1;1.6399999856948853;2020/04/05
Cambiasca;103015;-1;6;3.700000047683716;2020/04/05
Cannero Riviera;103016;-1;0;0;2020/04/05
Cannobio;103017;-1;11;2.1500000953674316;2020/04/05
Caprezzo;103018;-1;0;0;2020/04/05
Casale Corte Cerro;103019;-1;8;2.309999942779541;2020/04/05
Ceppo Morelli;103021;-1;0;0;2020/04/05
Cesara;103022;-1;0;0;2020/04/05
Cossogno;103023;-1;7;10.3100004196167;2020/04/05
Craveggia;103024;-1;3;3.940000057220459;2020/04/05
Crevoladossola;103025;-1;4;0.8700000047683716;2020/04/05
Crodo;103026;-1;0;0;2020/04/05
Domodossola;103028;-1;28;1.5399999618530273;2020/04/05
Druogno;103029;-1;1;0.9399999976158142;2020/04/05
Formazza;103031;-1;0;0;2020/04/05
Germagno;103032;-1;0;0;2020/04/05
Ghiffa;103033;-1;26;11.050000190734863;2020/04/05
Gignese;103034;-1;2;1.909999966621399;2020/04/05
Gravellona Toce;103035;-1;27;3.4600000381469727;2020/04/05
Gurro;103036;-1;0;0;2020/04/05
Intragna;103037;-1;0;0;2020/04/05
Loreglia;103038;-1;0;0;2020/04/05
Macugnaga;103039;-1;1;1.850000023841858;2020/04/05
Madonna del Sasso;103040;-1;2;4.940000057220459;2020/04/05
Malesco;103041;-1;0;0;2020/04/05
Masera;103042;-1;1;0.6800000071525574;2020/04/05
Massiola;103043;-1;0;0;2020/04/05
Mergozzo;103044;-1;2;0.9200000166893005;2020/04/05
Miazzina;103045;-1;4;10.470000267028809;2020/04/05
Montecrestese;103046;-1;4;3.140000104904175;2020/04/05
Montescheno;103047;-1;1;2.549999952316284;2020/04/05
Nonio;103048;-1;4;4.650000095367432;2020/04/05
Oggebbio;103049;-1;2;2.2899999618530273;2020/04/05
Omegna;103050;-1;101;6.650000095367432;2020/04/05
Ornavasso;103051;-1;7;2.0399999618530273;2020/04/05
Pallanzeno;103052;-1;1;0.8700000047683716;2020/04/05
Piedimulera;103053;-1;2;1.309999942779541;2020/04/05
Pieve Vergonte;103054;-1;1;0.4000000059604645;2020/04/05
Premeno;103055;-1;8;10.960000038146973;2020/04/05
Premia;103056;-1;2;3.619999885559082;2020/04/05
Premosello-Chiovenda;103057;-1;46;23.700000762939453;2020/04/05
Quarna Sopra;103058;-1;0;0;2020/04/05
Quarna Sotto;103059;-1;2;5.190000057220459;2020/04/05
Re;103060;-1;1;1.3600000143051147;2020/04/05
San Bernardino Verbano;103061;-1;1;0.7599999904632568;2020/04/05
Santa Maria Maggiore;103062;-1;1;0.7699999809265137;2020/04/05
Stresa;103064;-1;10;2.049999952316284;2020/04/05
Toceno;103065;-1;2;2.740000009536743;2020/04/05
Trarego Viggiona;103066;-1;0;0;2020/04/05
Trasquera;103067;-1;0;0;2020/04/05
Trontano;103068;-1;0;0;2020/04/05
Valstrona;103069;-1;1;0.8199999928474426;2020/04/05
Vanzone con San Carlo;103070;-1;2;5.239999771118164;2020/04/05
Varzo;103071;-1;2;0.9900000095367432;2020/04/05
Verbania;103072;-1;183;6;2020/04/05
Vignone;103074;-1;5;4.179999828338623;2020/04/05
Villadossola;103075;-1;13;1.9900000095367432;2020/04/05
Villette;103076;-1;0;0;2020/04/05
Vogogna;103077;-1;32;18.219999313354492;2020/04/05
Borgomezzavalle;103078;-1;0;0;2020/04/05
Valle Cannobina;103079;-1;2;4.119999885559082;2020/04/05
Agliè;001001;-1;4;1.5199999809265137;2020/04/05
Airasca;001002;-1;7;1.899999976158142;2020/04/05
Ala di Stura;001003;-1;1;2.2100000381469727;2020/04/05
Albiano d'Ivrea;001004;-1;1;0.6100000143051147;2020/04/05
Almese;001006;-1;13;2.0399999618530273;2020/04/05
Alpette;001007;-1;0;0;2020/04/05
Alpignano;001008;-1;195;11.90999984741211;2020/04/05
Andezeno;001009;-1;3;1.4900000095367432;2020/04/05
Andrate;001010;-1;1;2;2020/04/05
Angrogna;001011;-1;1;1.159999966621399;2020/04/05
Arignano;001012;-1;4;3.7200000286102295;2020/04/05
Avigliana;001013;-1;42;3.3399999141693115;2020/04/05
Azeglio;001014;-1;2;1.590000033378601;2020/04/05
Bairo;001015;-1;19;23.75;2020/04/05
Balangero;001016;-1;7;2.2100000381469727;2020/04/05
Baldissero Canavese;001017;-1;0;0;2020/04/05
Baldissero Torinese;001018;-1;9;2.450000047683716;2020/04/05
Balme;001019;-1;0;0;2020/04/05
Banchette;001020;-1;4;1.2300000190734863;2020/04/05
Barbania;001021;-1;5;3.119999885559082;2020/04/05
Bardonecchia;001022;-1;24;7.619999885559082;2020/04/05
Barone Canavese;001023;-1;1;1.7000000476837158;2020/04/05
Beinasco;001024;-1;119;6.630000114440918;2020/04/05
Bibiana;001025;-1;3;0.8700000047683716;2020/04/05
Bobbio Pellice;001026;-1;0;0;2020/04/05
Bollengo;001027;-1;5;2.309999942779541;2020/04/05
Borgaro Torinese;001028;-1;70;5.880000114440918;2020/04/05
Borgiallo;001029;-1;0;0;2020/04/05
Borgofranco d'Ivrea;001030;-1;3;0.8199999928474426;2020/04/05
Borgomasino;001031;-1;4;5.079999923706055;2020/04/05
Borgone Susa;001032;-1;3;1.3600000143051147;2020/04/05
Bosconero;001033;-1;86;27.450000762939453;2020/04/05
Brandizzo;001034;-1;98;11.220000267028809;2020/04/05
Bricherasio;001035;-1;13;2.819999933242798;2020/04/05
Brosso;001036;-1;0;0;2020/04/05
Brozolo;001037;-1;3;6.880000114440918;2020/04/05
Bruino;001038;-1;29;3.3299999237060547;2020/04/05
Brusasco;001039;-1;47;30.760000228881836;2020/04/05
Bruzolo;001040;-1;2;1.309999942779541;2020/04/05
Buriasco;001041;-1;3;2.2200000286102295;2020/04/05
Burolo;001042;-1;1;0.8700000047683716;2020/04/05
Busano;001043;-1;1;0.6100000143051147;2020/04/05
Bussoleno;001044;-1;3;0.5;2020/04/05
Buttigliera Alta;001045;-1;13;2.0299999713897705;2020/04/05
Cafasse;001046;-1;9;2.630000114440918;2020/04/05
Caluso;001047;-1;5;0.6600000262260437;2020/04/05
Cambiano;001048;-1;84;14.050000190734863;2020/04/05
Campiglione Fenile;001049;-1;3;2.240000009536743;2020/04/05
Candia Canavese;001050;-1;0;0;2020/04/05
Candiolo;001051;-1;20;3.549999952316284;2020/04/05
Canischio;001052;-1;0;0;2020/04/05
Cantalupa;001053;-1;7;2.6700000762939453;2020/04/05
Cantoira;001054;-1;1;1.7400000095367432;2020/04/05
Caprie;001055;-1;6;2.880000114440918;2020/04/05
Caravino;001056;-1;5;5.539999961853027;2020/04/05
Carema;001057;-1;0;0;2020/04/05
Carignano;001058;-1;83;8.949999809265137;2020/04/05
Carmagnola;001059;-1;259;8.9399995803833;2020/04/05
Casalborgone;001060;-1;3;1.590000033378601;2020/04/05
Cascinette d'Ivrea;001061;-1;0;0;2020/04/05
Caselette;001062;-1;9;2.9700000286102295;2020/04/05
Caselle Torinese;001063;-1;27;1.9299999475479126;2020/04/05
Castagneto Po;001064;-1;3;1.6799999475479126;2020/04/05
Castagnole Piemonte;001065;-1;2;0.8899999856948853;2020/04/05
Castellamonte;001066;-1;39;3.9200000762939453;2020/04/05
Castelnuovo Nigra;001067;-1;2;4.650000095367432;2020/04/05
Castiglione Torinese;001068;-1;16;2.4600000381469727;2020/04/05
Cavagnolo;001069;-1;13;6.309999942779541;2020/04/05
Cavour;001070;-1;75;13.65999984741211;2020/04/05
Cercenasco;001071;-1;13;7.190000057220459;2020/04/05
Ceres;001072;-1;3;2.869999885559082;2020/04/05
Ceresole Reale;001073;-1;0;0;2020/04/05
Cesana Torinese;001074;-1;1;1.059999942779541;2020/04/05
Chialamberto;001075;-1;27;73.37000274658203;2020/04/05
Chianocco;001076;-1;5;3.0999999046325684;2020/04/05
Chiaverano;001077;-1;4;1.940000057220459;2020/04/05
Chieri;001078;-1;152;4.110000133514404;2020/04/05
Chiesanuova;001079;-1;0;0;2020/04/05
Chiomonte;001080;-1;1;1.1299999952316284;2020/04/05
Chiusa di San Michele;001081;-1;3;1.850000023841858;2020/04/05
Chivasso;001082;-1;149;5.539999961853027;2020/04/05
Ciconio;001083;-1;0;0;2020/04/05
Cintano;001084;-1;1;3.9700000286102295;2020/04/05
Cinzano;001085;-1;1;3.0299999713897705;2020/04/05
Ciriè;001086;-1;52;2.799999952316284;2020/04/05
Claviere;001087;-1;0;0;2020/04/05
Coassolo Torinese;001088;-1;0;0;2020/04/05
Coazze;001089;-1;3;0.9300000071525574;2020/04/05
Collegno;001090;-1;166;3.3399999141693115;2020/04/05
Colleretto Castelnuovo;001091;-1;0;0;2020/04/05
Colleretto Giacosa;001092;-1;0;0;2020/04/05
Condove;001093;-1;30;6.53000020980835;2020/04/05
Corio;001094;-1;107;33.34000015258789;2020/04/05
Cossano Canavese;001095;-1;2;4.119999885559082;2020/04/05
Cuceglio;001096;-1;2;2.0199999809265137;2020/04/05
Cumiana;001097;-1;15;1.899999976158142;2020/04/05
Cuorgnè;001098;-1;15;1.5499999523162842;2020/04/05
Druento;001099;-1;29;3.2699999809265137;2020/04/05
Exilles;001100;-1;0;0;2020/04/05
Favria;001101;-1;9;1.7200000286102295;2020/04/05
Feletto;001102;-1;7;3.0899999141693115;2020/04/05
Fenestrelle;001103;-1;3;5.880000114440918;2020/04/05
Fiano;001104;-1;7;2.619999885559082;2020/04/05
Fiorano Canavese;001105;-1;0;0;2020/04/05
Foglizzo;001106;-1;4;1.7200000286102295;2020/04/05
Forno Canavese;001107;-1;4;1.2000000476837158;2020/04/05
Frassinetto;001108;-1;0;0;2020/04/05
Front;001109;-1;6;3.6600000858306885;2020/04/05
Frossasco;001110;-1;6;2.0899999141693115;2020/04/05
Garzigliana;001111;-1;0;0;2020/04/05
Gassino Torinese;001112;-1;10;1.0499999523162842;2020/04/05
Germagnano;001113;-1;1;0.8600000143051147;2020/04/05
Giaglione;001114;-1;1;1.6399999856948853;2020/04/05
Giaveno;001115;-1;46;2.809999942779541;2020/04/05
Givoletto;001116;-1;6;1.5199999809265137;2020/04/05
Gravere;001117;-1;0;0;2020/04/05
Groscavallo;001118;-1;1;5.03000020980835;2020/04/05
Grosso;001119;-1;2;1.9500000476837158;2020/04/05
Grugliasco;001120;-1;190;5.050000190734863;2020/04/05
Ingria;001121;-1;0;0;2020/04/05
Inverso Pinasca;001122;-1;4;5.699999809265137;2020/04/05
Isolabella;001123;-1;1;2.609999895095825;2020/04/05
Issiglio;001124;-1;1;2.5799999237060547;2020/04/05
Ivrea;001125;-1;48;2.049999952316284;2020/04/05
La Cassa;001126;-1;3;1.659999966621399;2020/04/05
La Loggia;001127;-1;28;3.1700000762939453;2020/04/05
Lanzo Torinese;001128;-1;77;15.350000381469727;2020/04/05
Lauriano;001129;-1;18;12.529999732971191;2020/04/05
Leini;001130;-1;31;1.8799999952316284;2020/04/05
Lemie;001131;-1;0;0;2020/04/05
Lessolo;001132;-1;2;1.100000023841858;2020/04/05
Levone;001133;-1;0;0;2020/04/05
Locana;001134;-1;4;2.7799999713897705;2020/04/05
Lombardore;001135;-1;4;2.309999942779541;2020/04/05
Lombriasco;001136;-1;3;2.869999885559082;2020/04/05
Loranzè;001137;-1;2;1.7200000286102295;2020/04/05
Luserna San Giovanni;001139;-1;28;3.859999895095825;2020/04/05
Lusernetta;001140;-1;0;0;2020/04/05
Lusigliè;001141;-1;1;1.7599999904632568;2020/04/05
Macello;001142;-1;3;2.569999933242798;2020/04/05
Maglione;001143;-1;0;0;2020/04/05
Marentino;001144;-1;4;3.059999942779541;2020/04/05
Massello;001145;-1;0;0;2020/04/05
Mathi;001146;-1;8;2.0799999237060547;2020/04/05
Mattie;001147;-1;0;0;2020/04/05
Mazzè;001148;-1;16;3.859999895095825;2020/04/05
Meana di Susa;001149;-1;2;2.5399999618530273;2020/04/05
Mercenasco;001150;-1;0;0;2020/04/05
Mezzenile;001152;-1;0;0;2020/04/05
Mombello di Torino;001153;-1;0;0;2020/04/05
Mompantero;001154;-1;1;1.5399999618530273;2020/04/05
Monastero di Lanzo;001155;-1;3;8.670000076293945;2020/04/05
Moncalieri;001156;-1;282;4.900000095367432;2020/04/05
Moncenisio;001157;-1;0;0;2020/04/05
Montaldo Torinese;001158;-1;1;1.3899999856948853;2020/04/05
Montalenghe;001159;-1;2;2.009999990463257;2020/04/05
Montalto Dora;001160;-1;2;0.5899999737739563;2020/04/05
Montanaro;001161;-1;30;5.789999961853027;2020/04/05
Monteu da Po;001162;-1;2;2.3399999141693115;2020/04/05
Moriondo Torinese;001163;-1;1;1.190000057220459;2020/04/05
Nichelino;001164;-1;192;4.039999961853027;2020/04/05
Noasca;001165;-1;0;0;2020/04/05
Nole;001166;-1;86;12.619999885559082;2020/04/05
Nomaglio;001167;-1;0;0;2020/04/05
None;001168;-1;24;2.990000009536743;2020/04/05
Novalesa;001169;-1;0;0;2020/04/05
Oglianico;001170;-1;2;1.340000033378601;2020/04/05
Orbassano;001171;-1;84;3.5999999046325684;2020/04/05
Orio Canavese;001172;-1;0;0;2020/04/05
Osasco;001173;-1;0;0;2020/04/05
Osasio;001174;-1;1;1.090000033378601;2020/04/05
Oulx;001175;-1;2;0.5899999737739563;2020/04/05
Ozegna;001176;-1;4;3.259999990463257;2020/04/05
Palazzo Canavese;001177;-1;2;2.390000104904175;2020/04/05
Pancalieri;001178;-1;5;2.390000104904175;2020/04/05
Parella;001179;-1;0;0;2020/04/05
Pavarolo;001180;-1;2;1.7599999904632568;2020/04/05
Pavone Canavese;001181;-1;3;0.7799999713897705;2020/04/05
Pecetto Torinese;001183;-1;16;3.9600000381469727;2020/04/05
Perosa Argentina;001184;-1;20;6.309999942779541;2020/04/05
Perosa Canavese;001185;-1;1;1.9199999570846558;2020/04/05
Perrero;001186;-1;2;3.0999999046325684;2020/04/05
Pertusio;001187;-1;0;0;2020/04/05
Pessinetto;001188;-1;4;6.480000019073486;2020/04/05
Pianezza;001189;-1;60;3.9000000953674316;2020/04/05
Pinasca;001190;-1;28;9.529999732971191;2020/04/05
Pinerolo;001191;-1;196;5.429999828338623;2020/04/05
Pino Torinese;001192;-1;29;3.450000047683716;2020/04/05
Piobesi Torinese;001193;-1;12;3.1500000953674316;2020/04/05
Piossasco;001194;-1;52;2.8299999237060547;2020/04/05
Piscina;001195;-1;11;3.259999990463257;2020/04/05
Piverone;001196;-1;13;9.520000457763672;2020/04/05
Poirino;001197;-1;66;6.340000152587891;2020/04/05
Pomaretto;001198;-1;3;2.9700000286102295;2020/04/05
Pont-Canavese;001199;-1;3;0.9100000262260437;2020/04/05
Porte;001200;-1;3;2.9000000953674316;2020/04/05
Pragelato;001201;-1;4;5.159999847412109;2020/04/05
Prali;001202;-1;0;0;2020/04/05
Pralormo;001203;-1;44;23.100000381469727;2020/04/05
Pramollo;001204;-1;1;4.460000038146973;2020/04/05
Prarostino;001205;-1;1;0.7799999713897705;2020/04/05
Prascorsano;001206;-1;1;1.3300000429153442;2020/04/05
Pratiglione;001207;-1;0;0;2020/04/05
Quagliuzzo;001208;-1;0;0;2020/04/05
Quassolo;001209;-1;0;0;2020/04/05
Quincinetto;001210;-1;4;3.880000114440918;2020/04/05
Reano;001211;-1;3;1.690000057220459;2020/04/05
Ribordone;001212;-1;0;0;2020/04/05
Rivalba;001213;-1;5;4.340000152587891;2020/04/05
Rivalta di Torino;001214;-1;47;2.3399999141693115;2020/04/05
Riva presso Chieri;001215;-1;9;1.899999976158142;2020/04/05
Rivara;001216;-1;4;1.5499999523162842;2020/04/05
Rivarolo Canavese;001217;-1;38;3.049999952316284;2020/04/05
Rivarossa;001218;-1;5;3.140000104904175;2020/04/05
Rivoli;001219;-1;261;5.380000114440918;2020/04/05
Robassomero;001220;-1;9;2.940000057220459;2020/04/05
Rocca Canavese;001221;-1;2;1.1699999570846558;2020/04/05
Roletto;001222;-1;7;3.440000057220459;2020/04/05
Romano Canavese;001223;-1;5;1.8899999856948853;2020/04/05
Ronco Canavese;001224;-1;0;0;2020/04/05
Rondissone;001225;-1;1;0.5299999713897705;2020/04/05
Rorà;001226;-1;0;0;2020/04/05
Roure;001227;-1;0;0;2020/04/05
Rosta;001228;-1;6;1.2100000381469727;2020/04/05
Rubiana;001229;-1;6;2.5299999713897705;2020/04/05
Rueglio;001230;-1;1;1.2899999618530273;2020/04/05
Salassa;001231;-1;0;0;2020/04/05
Salbertrand;001232;-1;0;0;2020/04/05
Salerano Canavese;001233;-1;2;4.230000019073486;2020/04/05
Salza di Pinerolo;001234;-1;0;0;2020/04/05
Samone;001235;-1;3;1.899999976158142;2020/04/05
San Benigno Canavese;001236;-1;3;0.5;2020/04/05
San Carlo Canavese;001237;-1;74;18.389999389648438;2020/04/05
San Colombano Belmonte;001238;-1;3;8.470000267028809;2020/04/05
San Didero;001239;-1;2;3.700000047683716;2020/04/05
San Francesco al Campo;001240;-1;9;1.8300000429153442;2020/04/05
Sangano;001241;-1;31;8.260000228881836;2020/04/05
San Germano Chisone;001242;-1;1;0.5699999928474426;2020/04/05
San Gillio;001243;-1;63;19.729999542236328;2020/04/05
San Giorgio Canavese;001244;-1;2;0.7799999713897705;2020/04/05
San Giorio di Susa;001245;-1;1;1.0299999713897705;2020/04/05
San Giusto Canavese;001246;-1;1;0.30000001192092896;2020/04/05
San Martino Canavese;001247;-1;0;0;2020/04/05
San Maurizio Canavese;001248;-1;77;7.46999979019165;2020/04/05
San Mauro Torinese;001249;-1;114;6.03000020980835;2020/04/05
San Pietro Val Lemina;001250;-1;6;4.239999771118164;2020/04/05
San Ponso;001251;-1;0;0;2020/04/05
San Raffaele Cimena;001252;-1;10;3.2100000381469727;2020/04/05
San Sebastiano da Po;001253;-1;1;0.5199999809265137;2020/04/05
San Secondo di Pinerolo;001254;-1;9;2.490000009536743;2020/04/05
Sant'Ambrogio di Torino;001255;-1;18;3.819999933242798;2020/04/05
Sant'Antonino di Susa;001256;-1;14;3.299999952316284;2020/04/05
Santena;001257;-1;46;4.28000020980835;2020/04/05
Sauze di Cesana;001258;-1;0;0;2020/04/05
Sauze d'Oulx;001259;-1;5;4.559999942779541;2020/04/05
Scalenghe;001260;-1;4;1.2200000286102295;2020/04/05
Scarmagno;001261;-1;10;12.050000190734863;2020/04/05
Sciolze;001262;-1;1;0.6899999976158142;2020/04/05
Sestriere;001263;-1;1;1.0700000524520874;2020/04/05
Settimo Rottaro;001264;-1;0;0;2020/04/05
Settimo Torinese;001265;-1;218;4.639999866485596;2020/04/05
Settimo Vittone;001266;-1;1;0.6499999761581421;2020/04/05
Sparone;001267;-1;4;4.119999885559082;2020/04/05
Strambinello;001268;-1;0;0;2020/04/05
Strambino;001269;-1;3;0.47999998927116394;2020/04/05
Susa;001270;-1;31;4.960000038146973;2020/04/05
Tavagnasco;001271;-1;0;0;2020/04/05
Torino;001272;-1;3456;3.950000047683716;2020/04/05
Torrazza Piemonte;001273;-1;10;3.380000114440918;2020/04/05
Torre Canavese;001274;-1;2;3.3299999237060547;2020/04/05
Torre Pellice;001275;-1;12;2.619999885559082;2020/04/05
Trana;001276;-1;13;3.4000000953674316;2020/04/05
Traversella;001278;-1;1;3.0899999141693115;2020/04/05
Traves;001279;-1;4;7.599999904632568;2020/04/05
Trofarello;001280;-1;92;8.470000267028809;2020/04/05
Usseaux;001281;-1;0;0;2020/04/05
Usseglio;001282;-1;0;0;2020/04/05
Vaie;001283;-1;4;2.8299999237060547;2020/04/05
Val della Torre;001284;-1;15;3.8299999237060547;2020/04/05
Valgioie;001285;-1;1;1.0399999618530273;2020/04/05
Vallo Torinese;001286;-1;1;1.2899999618530273;2020/04/05
Valperga;001287;-1;54;17.670000076293945;2020/04/05
Valprato Soana;001288;-1;0;0;2020/04/05
Varisella;001289;-1;2;2.4100000858306885;2020/04/05
Vauda Canavese;001290;-1;0;0;2020/04/05
Venaus;001291;-1;0;0;2020/04/05
Venaria Reale;001292;-1;134;3.990000009536743;2020/04/05
Verolengo;001293;-1;11;2.2699999809265137;2020/04/05
Verrua Savoia;001294;-1;2;1.4299999475479126;2020/04/05
Vestignè;001295;-1;2;2.509999990463257;2020/04/05
Vialfrè;001296;-1;0;0;2020/04/05
Vidracco;001298;-1;0;0;2020/04/05
Vigone;001299;-1;5;0.9700000286102295;2020/04/05
Villafranca Piemonte;001300;-1;8;1.7300000190734863;2020/04/05
Villanova Canavese;001301;-1;1;0.8299999833106995;2020/04/05
Villarbasse;001302;-1;6;1.7400000095367432;2020/04/05
Villar Dora;001303;-1;5;1.7300000190734863;2020/04/05
Villareggia;001304;-1;5;4.739999771118164;2020/04/05
Villar Focchiardo;001305;-1;5;2.5399999618530273;2020/04/05
Villar Pellice;001306;-1;2;1.8700000047683716;2020/04/05
Villar Perosa;001307;-1;11;2.7200000286102295;2020/04/05
Villastellone;001308;-1;51;10.949999809265137;2020/04/05
Vinovo;001309;-1;57;3.759999990463257;2020/04/05
Virle Piemonte;001310;-1;4;3.4100000858306885;2020/04/05
Vische;001311;-1;2;1.5800000429153442;2020/04/05
Vistrorio;001312;-1;1;1.8799999952316284;2020/04/05
Viù;001313;-1;1;0.9800000190734863;2020/04/05
Volpiano;001314;-1;163;10.550000190734863;2020/04/05
Volvera;001315;-1;33;3.819999933242798;2020/04/05
Mappano;001316;-1;24;3.2699999809265137;2020/04/05
Val di Chy;001317;-1;2;1.559999942779541;2020/04/05
Valchiusa;001318;-1;29;28.100000381469727;2020/04/05
Alagna Valsesia;002002;-1;2;2.819999933242798;2020/04/05
Albano Vercellese;002003;-1;5;15.579999923706055;2020/04/05
Alice Castello;002004;-1;23;8.90999984741211;2020/04/05
Arborio;002006;-1;3;3.4800000190734863;2020/04/05
Asigliano Vercellese;002007;-1;2;1.3899999856948853;2020/04/05
Balmuccia;002008;-1;0;0;2020/04/05
Balocco;002009;-1;0;0;2020/04/05
Bianzè;002011;-1;5;2.609999895095825;2020/04/05
Boccioleto;002014;-1;0;0;2020/04/05
Borgo d'Ale;002015;-1;6;2.559999942779541;2020/04/05
Borgosesia;002016;-1;31;2.4700000286102295;2020/04/05
Borgo Vercelli;002017;-1;27;12;2020/04/05
Buronzo;002021;-1;2;2.319999933242798;2020/04/05
Campertogno;002025;-1;0;0;2020/04/05
Carcoforo;002029;-1;0;0;2020/04/05
Caresana;002030;-1;3;2.8299999237060547;2020/04/05
Caresanablot;002031;-1;7;6.230000019073486;2020/04/05
Carisio;002032;-1;4;4.960000038146973;2020/04/05
Casanova Elvo;002033;-1;1;4.480000019073486;2020/04/05
San Giacomo Vercellese;002035;-1;0;0;2020/04/05
Cervatto;002041;-1;0;0;2020/04/05
Cigliano;002042;-1;35;7.909999847412109;2020/04/05
Civiasco;002043;-1;0;0;2020/04/05
Collobiano;002045;-1;1;11.359999656677246;2020/04/05
Costanzana;002047;-1;25;33.029998779296875;2020/04/05
Cravagliana;002048;-1;0;0;2020/04/05
Crescentino;002049;-1;74;9.5;2020/04/05
Crova;002052;-1;2;4.869999885559082;2020/04/05
Desana;002054;-1;16;15.039999961853027;2020/04/05
Fobello;002057;-1;0;0;2020/04/05
Fontanetto Po;002058;-1;0;0;2020/04/05
Formigliana;002059;-1;1;1.9800000190734863;2020/04/05
Gattinara;002061;-1;22;2.809999942779541;2020/04/05
Ghislarengo;002062;-1;4;4.670000076293945;2020/04/05
Greggio;002065;-1;4;11.460000038146973;2020/04/05
Guardabosone;002066;-1;1;2.9600000381469727;2020/04/05
Lamporo;002067;-1;1;1.9700000286102295;2020/04/05
Lenta;002068;-1;2;2.4000000953674316;2020/04/05
Lignana;002070;-1;1;1.7999999523162842;2020/04/05
Livorno Ferraris;002071;-1;10;2.309999942779541;2020/04/05
Lozzolo;002072;-1;21;25.489999771118164;2020/04/05
Mollia;002078;-1;0;0;2020/04/05
Moncrivello;002079;-1;11;7.889999866485596;2020/04/05
Motta de' Conti;002082;-1;2;2.619999885559082;2020/04/05
Olcenengo;002088;-1;9;11.510000228881836;2020/04/05
Oldenico;002089;-1;1;4.570000171661377;2020/04/05
Palazzolo Vercellese;002090;-1;1;0.8399999737739563;2020/04/05
Pertengo;002091;-1;1;3.380000114440918;2020/04/05
Pezzana;002093;-1;6;4.639999866485596;2020/04/05
Pila;002096;-1;0;0;2020/04/05
Piode;002097;-1;0;0;2020/04/05
Postua;002102;-1;0;0;2020/04/05
Prarolo;002104;-1;1;1.3799999952316284;2020/04/05
Quarona;002107;-1;8;2;2020/04/05
Quinto Vercellese;002108;-1;2;5.010000228881836;2020/04/05
Rassa;002110;-1;0;0;2020/04/05
Rimella;002113;-1;0;0;2020/04/05
Rive;002115;-1;0;0;2020/04/05
Roasio;002116;-1;10;4.28000020980835;2020/04/05
Ronsecco;002118;-1;2;3.5299999713897705;2020/04/05
Rossa;002121;-1;1;5.619999885559082;2020/04/05
Rovasenda;002122;-1;2;2.1500000953674316;2020/04/05
Salasco;002126;-1;0;0;2020/04/05
Sali Vercellese;002127;-1;0;0;2020/04/05
Saluggia;002128;-1;6;1.5299999713897705;2020/04/05
San Germano Vercellese;002131;-1;2;1.2999999523162842;2020/04/05
Santhià;002133;-1;43;5.079999923706055;2020/04/05
Scopa;002134;-1;0;0;2020/04/05
Scopello;002135;-1;1;2.759999990463257;2020/04/05
Serravalle Sesia;002137;-1;6;1.2300000190734863;2020/04/05
Stroppiana;002142;-1;2;1.6799999475479126;2020/04/05
Tricerro;002147;-1;3;4.320000171661377;2020/04/05
Trino;002148;-1;20;2.8499999046325684;2020/04/05
Tronzano Vercellese;002150;-1;7;2.0299999713897705;2020/04/05
Valduggia;002152;-1;6;3.059999942779541;2020/04/05
Varallo;002156;-1;12;1.6799999475479126;2020/04/05
Vercelli;002158;-1;224;4.869999885559082;2020/04/05
Villarboit;002163;-1;1;2.3399999141693115;2020/04/05
Villata;002164;-1;7;4.480000019073486;2020/04/05
Vocca;002166;-1;0;0;2020/04/05
Alto Sermenza;002170;-1;0;0;2020/04/05
Cellio con Breia;002171;-1;1;1.0199999809265137;2020/04/05
Agrate Conturbia;003001;-1;2;1.2899999618530273;2020/04/05
Ameno;003002;-1;2;2.0999999046325684;2020/04/05
Armeno;003006;-1;1;0.46000000834465027;2020/04/05
Arona;003008;-1;34;2.440000057220459;2020/04/05
Barengo;003012;-1;1;1.2699999809265137;2020/04/05
Bellinzago Novarese;003016;-1;31;3.240000009536743;2020/04/05
Biandrate;003018;-1;14;10.75;2020/04/05
Boca;003019;-1;3;2.5;2020/04/05
Bogogno;003021;-1;4;3.130000114440918;2020/04/05
Bolzano Novarese;003022;-1;2;1.6699999570846558;2020/04/05
Borgolavezzaro;003023;-1;68;33.5;2020/04/05
Borgomanero;003024;-1;136;6.28000020980835;2020/04/05
Borgo Ticino;003025;-1;9;1.7400000095367432;2020/04/05
Briga Novarese;003026;-1;6;2.119999885559082;2020/04/05
Briona;003027;-1;4;3.4700000286102295;2020/04/05
Caltignaga;003030;-1;3;1.190000057220459;2020/04/05
Cameri;003032;-1;96;8.84000015258789;2020/04/05
Carpignano Sesia;003036;-1;11;4.369999885559082;2020/04/05
Casalbeltrame;003037;-1;9;9.59000015258789;2020/04/05
Casaleggio Novara;003039;-1;6;6.559999942779541;2020/04/05
Casalino;003040;-1;11;7.210000038146973;2020/04/05
Casalvolone;003041;-1;1;1.159999966621399;2020/04/05
Castellazzo Novarese;003042;-1;0;0;2020/04/05
Castelletto sopra Ticino;003043;-1;13;1.309999942779541;2020/04/05
Cavaglietto;003044;-1;0;0;2020/04/05
Cavaglio d'Agogna;003045;-1;3;2.559999942779541;2020/04/05
Cavallirio;003047;-1;13;9.680000305175781;2020/04/05
Cerano;003049;-1;25;3.700000047683716;2020/04/05
Colazza;003051;-1;0;0;2020/04/05
Comignago;003052;-1;2;1.590000033378601;2020/04/05
Cressa;003055;-1;1;0.6200000047683716;2020/04/05
Cureggio;003058;-1;8;3.0299999713897705;2020/04/05
Divignano;003060;-1;1;0.7099999785423279;2020/04/05
Dormelletto;003062;-1;64;24.760000228881836;2020/04/05
Fara Novarese;003065;-1;18;8.84000015258789;2020/04/05
Fontaneto d'Agogna;003066;-1;2;0.75;2020/04/05
Galliate;003068;-1;79;5.03000020980835;2020/04/05
Garbagna Novarese;003069;-1;10;6.980000019073486;2020/04/05
Gargallo;003070;-1;6;3.4000000953674316;2020/04/05
Ghemme;003073;-1;39;11.149999618530273;2020/04/05
Gozzano;003076;-1;12;2.1600000858306885;2020/04/05
Granozzo con Monticello;003077;-1;8;5.789999961853027;2020/04/05
Grignasco;003079;-1;7;1.559999942779541;2020/04/05
Invorio;003082;-1;41;9.329999923706055;2020/04/05
Landiona;003083;-1;1;1.7799999713897705;2020/04/05
Lesa;003084;-1;7;3.1700000762939453;2020/04/05
Maggiora;003088;-1;7;4.21999979019165;2020/04/05
Mandello Vitta;003090;-1;4;17.540000915527344;2020/04/05
Marano Ticino;003091;-1;3;1.8200000524520874;2020/04/05
Massino Visconti;003093;-1;2;1.899999976158142;2020/04/05
Meina;003095;-1;6;2.4800000190734863;2020/04/05
Mezzomerico;003097;-1;5;4.070000171661377;2020/04/05
Miasino;003098;-1;4;5.039999961853027;2020/04/05
Momo;003100;-1;30;12.029999732971191;2020/04/05
Nebbiuno;003103;-1;17;9.399999618530273;2020/04/05
Nibbiola;003104;-1;5;6.050000190734863;2020/04/05
Novara;003106;-1;712;6.829999923706055;2020/04/05
Oleggio;003108;-1;135;9.539999961853027;2020/04/05
Oleggio Castello;003109;-1;5;2.299999952316284;2020/04/05
Orta San Giulio;003112;-1;41;31.010000228881836;2020/04/05
Paruzzaro;003114;-1;1;0.46000000834465027;2020/04/05
Pella;003115;-1;3;3.1500000953674316;2020/04/05
Pettenasco;003116;-1;4;2.9100000858306885;2020/04/05
Pisano;003119;-1;1;1.2300000190734863;2020/04/05
Pogno;003120;-1;26;18.3700008392334;2020/04/05
Pombia;003121;-1;5;2.299999952316284;2020/04/05
Prato Sesia;003122;-1;7;3.75;2020/04/05
Recetto;003129;-1;6;6.230000019073486;2020/04/05
Romagnano Sesia;003130;-1;27;6.929999828338623;2020/04/05
Romentino;003131;-1;25;4.449999809265137;2020/04/05
San Maurizio d'Opaglio;003133;-1;16;5.239999771118164;2020/04/05
San Nazzaro Sesia;003134;-1;2;2.7100000381469727;2020/04/05
San Pietro Mosezzo;003135;-1;6;3.009999990463257;2020/04/05
Sillavengo;003138;-1;0;0;2020/04/05
Sizzano;003139;-1;9;6.289999961853027;2020/04/05
Soriso;003140;-1;1;1.309999942779541;2020/04/05
Sozzago;003141;-1;15;14.020000457763672;2020/04/05
Suno;003143;-1;10;3.619999885559082;2020/04/05
Terdobbiate;003144;-1;2;4.260000228881836;2020/04/05
Tornaco;003146;-1;5;5.360000133514404;2020/04/05
Trecate;003149;-1;89;4.300000190734863;2020/04/05
Vaprio d'Agogna;003153;-1;6;6.050000190734863;2020/04/05
Varallo Pombia;003154;-1;7;1.4199999570846558;2020/04/05
Vespolate;003158;-1;8;3.9000000953674316;2020/04/05
Vicolungo;003159;-1;6;6.849999904632568;2020/04/05
Vinzaglio;003164;-1;0;0;2020/04/05
Gattico-Veruno;003166;-1;13;2.4700000286102295;2020/04/05
Acceglio;004001;-1;0;0;2020/04/05
Aisone;004002;-1;0;0;2020/04/05
Alba;004003;-1;37;1.1699999570846558;2020/04/05
Albaretto della Torre;004004;-1;0;0;2020/04/05
Alto;004005;-1;0;0;2020/04/05
Argentera;004006;-1;0;0;2020/04/05
Arguello;004007;-1;0;0;2020/04/05
Bagnasco;004008;-1;1;0.9800000190734863;2020/04/05
Bagnolo Piemonte;004009;-1;27;4.539999961853027;2020/04/05
Baldissero d'Alba;004010;-1;0;0;2020/04/05
Barbaresco;004011;-1;0;0;2020/04/05
Barge;004012;-1;27;3.549999952316284;2020/04/05
Barolo;004013;-1;1;1.4500000476837158;2020/04/05
Bastia Mondovì;004014;-1;0;0;2020/04/05
Battifollo;004015;-1;0;0;2020/04/05
Beinette;004016;-1;7;2.0299999713897705;2020/04/05
Bellino;004017;-1;0;0;2020/04/05
Belvedere Langhe;004018;-1;0;0;2020/04/05
Bene Vagienna;004019;-1;5;1.3600000143051147;2020/04/05
Benevello;004020;-1;0;0;2020/04/05
Bergolo;004021;-1;0;0;2020/04/05
Bernezzo;004022;-1;7;1.6799999475479126;2020/04/05
Bonvicino;004023;-1;0;0;2020/04/05
Borgomale;004024;-1;0;0;2020/04/05
Borgo San Dalmazzo;004025;-1;78;6.269999980926514;2020/04/05
Bosia;004026;-1;0;0;2020/04/05
Bossolasco;004027;-1;1;1.5700000524520874;2020/04/05
Boves;004028;-1;20;2.0399999618530273;2020/04/05
Bra;004029;-1;92;3.0999999046325684;2020/04/05
Briaglia;004030;-1;0;0;2020/04/05
Briga Alta;004031;-1;0;0;2020/04/05
Brondello;004032;-1;0;0;2020/04/05
Brossasco;004033;-1;3;2.859999895095825;2020/04/05
Busca;004034;-1;12;1.1799999475479126;2020/04/05
Camerana;004035;-1;0;0;2020/04/05
Canale;004037;-1;29;5.170000076293945;2020/04/05
Canosio;004038;-1;0;0;2020/04/05
Caprauna;004039;-1;0;0;2020/04/05
Caraglio;004040;-1;21;3.109999895095825;2020/04/05
Caramagna Piemonte;004041;-1;11;3.559999942779541;2020/04/05
Cardè;004042;-1;2;1.7400000095367432;2020/04/05
Carrù;004043;-1;6;1.3700000047683716;2020/04/05
Cartignano;004044;-1;0;0;2020/04/05
Casalgrasso;004045;-1;1;0.699999988079071;2020/04/05
Castagnito;004046;-1;3;1.3700000047683716;2020/04/05
Casteldelfino;004047;-1;1;6.329999923706055;2020/04/05
Castelletto Stura;004049;-1;3;2.1700000762939453;2020/04/05
Castelletto Uzzone;004050;-1;0;0;2020/04/05
Castellinaldo d'Alba;004051;-1;3;3.25;2020/04/05
Castellino Tanaro;004052;-1;1;3.369999885559082;2020/04/05
Castelmagno;004053;-1;0;0;2020/04/05
Castelnuovo di Ceva;004054;-1;7;66.04000091552734;2020/04/05
Castiglione Falletto;004055;-1;0;0;2020/04/05
Castiglione Tinella;004056;-1;0;0;2020/04/05
Castino;004057;-1;0;0;2020/04/05
Cavallerleone;004058;-1;5;7.289999961853027;2020/04/05
Cavallermaggiore;004059;-1;56;10.3100004196167;2020/04/05
Celle di Macra;004060;-1;0;0;2020/04/05
Centallo;004061;-1;9;1.2799999713897705;2020/04/05
Ceresole Alba;004062;-1;4;1.9500000476837158;2020/04/05
Cerretto Langhe;004063;-1;0;0;2020/04/05
Cervasca;004064;-1;14;2.7300000190734863;2020/04/05
Cervere;004065;-1;2;0.8799999952316284;2020/04/05
Ceva;004066;-1;7;1.2300000190734863;2020/04/05
Cherasco;004067;-1;8;0.8600000143051147;2020/04/05
Chiusa di Pesio;004068;-1;5;1.3700000047683716;2020/04/05
Cigliè;004069;-1;1;5.409999847412109;2020/04/05
Cissone;004070;-1;1;11.630000114440918;2020/04/05
Clavesana;004071;-1;0;0;2020/04/05
Corneliano d'Alba;004072;-1;4;1.8600000143051147;2020/04/05
Cortemilia;004073;-1;0;0;2020/04/05
Cossano Belbo;004074;-1;2;2.0999999046325684;2020/04/05
Costigliole Saluzzo;004075;-1;6;1.8200000524520874;2020/04/05
Cravanzana;004076;-1;0;0;2020/04/05
Crissolo;004077;-1;0;0;2020/04/05
Cuneo;004078;-1;172;3.059999942779541;2020/04/05
Demonte;004079;-1;1;0.5099999904632568;2020/04/05
Diano d'Alba;004080;-1;2;0.550000011920929;2020/04/05
Dogliani;004081;-1;10;2.130000114440918;2020/04/05
Dronero;004082;-1;11;1.5700000524520874;2020/04/05
Elva;004083;-1;0;0;2020/04/05
Entracque;004084;-1;0;0;2020/04/05
Envie;004085;-1;4;2.009999990463257;2020/04/05
Farigliano;004086;-1;17;9.569999694824219;2020/04/05
Faule;004087;-1;0;0;2020/04/05
Feisoglio;004088;-1;1;3.2799999713897705;2020/04/05
Fossano;004089;-1;63;2.5999999046325684;2020/04/05
Frabosa Soprana;004090;-1;1;1.3300000429153442;2020/04/05
Frabosa Sottana;004091;-1;1;0.6499999761581421;2020/04/05
Frassino;004092;-1;0;0;2020/04/05
Gaiola;004093;-1;1;1.7200000286102295;2020/04/05
Gambasca;004094;-1;5;14.289999961853027;2020/04/05
Garessio;004095;-1;20;6.539999961853027;2020/04/05
Genola;004096;-1;4;1.5099999904632568;2020/04/05
Gorzegno;004097;-1;0;0;2020/04/05
Gottasecca;004098;-1;0;0;2020/04/05
Govone;004099;-1;32;14.430000305175781;2020/04/05
Grinzane Cavour;004100;-1;3;1.4800000190734863;2020/04/05
Guarene;004101;-1;9;2.509999990463257;2020/04/05
Igliano;004102;-1;0;0;2020/04/05
Isasca;004103;-1;0;0;2020/04/05
Lagnasco;004104;-1;5;3.490000009536743;2020/04/05
La Morra;004105;-1;3;1.0800000429153442;2020/04/05
Lequio Berria;004106;-1;0;0;2020/04/05
Lequio Tanaro;004107;-1;0;0;2020/04/05
Lesegno;004108;-1;1;1.2100000381469727;2020/04/05
Levice;004109;-1;0;0;2020/04/05
Limone Piemonte;004110;-1;0;0;2020/04/05
Lisio;004111;-1;0;0;2020/04/05
Macra;004112;-1;0;0;2020/04/05
Magliano Alfieri;004113;-1;1;0.46000000834465027;2020/04/05
Magliano Alpi;004114;-1;4;1.7899999618530273;2020/04/05
Mango;004115;-1;0;0;2020/04/05
Manta;004116;-1;5;1.3200000524520874;2020/04/05
Marene;004117;-1;21;6.320000171661377;2020/04/05
Margarita;004118;-1;3;2.0799999237060547;2020/04/05
Marmora;004119;-1;0;0;2020/04/05
Marsaglia;004120;-1;0;0;2020/04/05
Martiniana Po;004121;-1;2;2.680000066757202;2020/04/05
Melle;004122;-1;0;0;2020/04/05
Moiola;004123;-1;2;9.220000267028809;2020/04/05
Mombarcaro;004124;-1;0;0;2020/04/05
Mombasiglio;004125;-1;0;0;2020/04/05
Monastero di Vasco;004126;-1;3;2.319999933242798;2020/04/05
Monasterolo Casotto;004127;-1;0;0;2020/04/05
Monasterolo di Savigliano;004128;-1;2;1.4500000476837158;2020/04/05
Monchiero;004129;-1;0;0;2020/04/05
Mondovì;004130;-1;108;4.820000171661377;2020/04/05
Monesiglio;004131;-1;1;1.6100000143051147;2020/04/05
Monforte d'Alba;004132;-1;0;0;2020/04/05
Montà;004133;-1;8;1.7000000476837158;2020/04/05
Montaldo di Mondovì;004134;-1;3;5.400000095367432;2020/04/05
Montaldo Roero;004135;-1;2;2.359999895095825;2020/04/05
Montanera;004136;-1;1;1.340000033378601;2020/04/05
Montelupo Albese;004137;-1;0;0;2020/04/05
Montemale di Cuneo;004138;-1;0;0;2020/04/05
Monterosso Grana;004139;-1;1;1.899999976158142;2020/04/05
Monteu Roero;004140;-1;3;1.8700000047683716;2020/04/05
Montezemolo;004141;-1;1;4.269999980926514;2020/04/05
Monticello d'Alba;004142;-1;0;0;2020/04/05
Moretta;004143;-1;6;1.4700000286102295;2020/04/05
Morozzo;004144;-1;30;14.970000267028809;2020/04/05
Murazzano;004145;-1;3;3.609999895095825;2020/04/05
Murello;004146;-1;3;3.1600000858306885;2020/04/05
Narzole;004147;-1;2;0.5699999928474426;2020/04/05
Neive;004148;-1;4;1.159999966621399;2020/04/05
Neviglie;004149;-1;0;0;2020/04/05
Niella Belbo;004150;-1;1;2.7699999809265137;2020/04/05
Niella Tanaro;004151;-1;1;0.9900000095367432;2020/04/05
Novello;004152;-1;2;2.0299999713897705;2020/04/05
Nucetto;004153;-1;0;0;2020/04/05
Oncino;004154;-1;0;0;2020/04/05
Ormea;004155;-1;1;0.6299999952316284;2020/04/05
Ostana;004156;-1;0;0;2020/04/05
Paesana;004157;-1;8;2.950000047683716;2020/04/05
Pagno;004158;-1;1;1.7899999618530273;2020/04/05
Pamparato;004159;-1;0;0;2020/04/05
Paroldo;004160;-1;0;0;2020/04/05
Perletto;004161;-1;0;0;2020/04/05
Perlo;004162;-1;0;0;2020/04/05
Peveragno;004163;-1;14;2.5;2020/04/05
Pezzolo Valle Uzzone;004164;-1;0;0;2020/04/05
Pianfei;004165;-1;4;1.899999976158142;2020/04/05
Piasco;004166;-1;5;1.8300000429153442;2020/04/05
Pietraporzio;004167;-1;0;0;2020/04/05
Piobesi d'Alba;004168;-1;0;0;2020/04/05
Piozzo;004169;-1;1;1.0199999809265137;2020/04/05
Pocapaglia;004170;-1;10;3;2020/04/05
Polonghera;004171;-1;7;6.139999866485596;2020/04/05
Pontechianale;004172;-1;0;0;2020/04/05
Pradleves;004173;-1;1;4.349999904632568;2020/04/05
Prazzo;004174;-1;0;0;2020/04/05
Priero;004175;-1;1;1.909999966621399;2020/04/05
Priocca;004176;-1;32;16.06999969482422;2020/04/05
Priola;004177;-1;2;2.9100000858306885;2020/04/05
Prunetto;004178;-1;2;4.730000019073486;2020/04/05
Racconigi;004179;-1;27;2.7200000286102295;2020/04/05
Revello;004180;-1;8;1.8700000047683716;2020/04/05
Rifreddo;004181;-1;5;4.789999961853027;2020/04/05
Rittana;004182;-1;0;0;2020/04/05
Roaschia;004183;-1;1;9.350000381469727;2020/04/05
Roascio;004184;-1;0;0;2020/04/05
Robilante;004185;-1;5;2.2100000381469727;2020/04/05
Roburent;004186;-1;0;0;2020/04/05
Roccabruna;004187;-1;2;1.2899999618530273;2020/04/05
Rocca Cigliè;004188;-1;1;7.460000038146973;2020/04/05
Rocca de' Baldi;004189;-1;2;1.2300000190734863;2020/04/05
Roccaforte Mondovì;004190;-1;32;14.930000305175781;2020/04/05
Roccasparvera;004191;-1;0;0;2020/04/05
Roccavione;004192;-1;41;15.449999809265137;2020/04/05
Rocchetta Belbo;004193;-1;2;12.5;2020/04/05
Roddi;004194;-1;8;4.909999847412109;2020/04/05
Roddino;004195;-1;0;0;2020/04/05
Rodello;004196;-1;1;1.0399999618530273;2020/04/05
Rossana;004197;-1;1;1.149999976158142;2020/04/05
Ruffia;004198;-1;0;0;2020/04/05
Sale delle Langhe;004199;-1;0;0;2020/04/05
Sale San Giovanni;004200;-1;0;0;2020/04/05
Saliceto;004201;-1;3;2.390000104904175;2020/04/05
Salmour;004202;-1;0;0;2020/04/05
Saluzzo;004203;-1;54;3.130000114440918;2020/04/05
Sambuco;004204;-1;0;0;2020/04/05
Sampeyre;004205;-1;4;4.03000020980835;2020/04/05
San Benedetto Belbo;004206;-1;0;0;2020/04/05
San Damiano Macra;004207;-1;2;4.900000095367432;2020/04/05
Sanfrè;004208;-1;0;0;2020/04/05
Sanfront;004209;-1;45;19.1200008392334;2020/04/05
San Michele Mondovì;004210;-1;2;1.0299999713897705;2020/04/05
Sant'Albano Stura;004211;-1;5;2.109999895095825;2020/04/05
Santa Vittoria d'Alba;004212;-1;5;1.7400000095367432;2020/04/05
Santo Stefano Belbo;004213;-1;5;1.2400000095367432;2020/04/05
Santo Stefano Roero;004214;-1;3;2.190000057220459;2020/04/05
Savigliano;004215;-1;46;2.130000114440918;2020/04/05
Scagnello;004216;-1;0;0;2020/04/05
Scarnafigi;004217;-1;5;2.3399999141693115;2020/04/05
Serralunga d'Alba;004218;-1;0;0;2020/04/05
Serravalle Langhe;004219;-1;0;0;2020/04/05
Sinio;004220;-1;0;0;2020/04/05
Somano;004221;-1;1;3.069999933242798;2020/04/05
Sommariva del Bosco;004222;-1;29;4.579999923706055;2020/04/05
Sommariva Perno;004223;-1;6;2.1700000762939453;2020/04/05
Stroppo;004224;-1;0;0;2020/04/05
Tarantasca;004225;-1;3;1.3899999856948853;2020/04/05
Torre Bormida;004226;-1;0;0;2020/04/05
Torre Mondovì;004227;-1;0;0;2020/04/05
Torre San Giorgio;004228;-1;0;0;2020/04/05
Torresina;004229;-1;0;0;2020/04/05
Treiso;004230;-1;1;1.2899999618530273;2020/04/05
Trezzo Tinella;004231;-1;0;0;2020/04/05
Trinità;004232;-1;28;12.470000267028809;2020/04/05
Valdieri;004233;-1;1;1.100000023841858;2020/04/05
Valgrana;004234;-1;1;1.2899999618530273;2020/04/05
Valloriate;004235;-1;0;0;2020/04/05
Venasca;004237;-1;2;1.440000057220459;2020/04/05
Verduno;004238;-1;1;1.7899999618530273;2020/04/05
Vernante;004239;-1;3;2.5999999046325684;2020/04/05
Verzuolo;004240;-1;5;0.7799999713897705;2020/04/05
Vezza d'Alba;004241;-1;8;3.5;2020/04/05
Vicoforte;004242;-1;30;9.609999656677246;2020/04/05
Vignolo;004243;-1;6;2.3299999237060547;2020/04/05
Villafalletto;004244;-1;5;1.7200000286102295;2020/04/05
Villanova Mondovì;004245;-1;49;8.460000038146973;2020/04/05
Villanova Solaro;004246;-1;3;4.050000190734863;2020/04/05
Villar San Costanzo;004247;-1;1;0.6499999761581421;2020/04/05
Vinadio;004248;-1;1;1.649999976158142;2020/04/05
Viola;004249;-1;1;2.7899999618530273;2020/04/05
Vottignasco;004250;-1;0;0;2020/04/05
Agliano Terme;005001;-1;2;1.2599999904632568;2020/04/05
Albugnano;005002;-1;13;25.739999771118164;2020/04/05
Antignano;005003;-1;13;13.529999732971191;2020/04/05
Aramengo;005004;-1;1;1.7699999809265137;2020/04/05
Asti;005005;-1;456;6;2020/04/05
Azzano d'Asti;005006;-1;0;0;2020/04/05
Baldichieri d'Asti;005007;-1;1;0.8799999952316284;2020/04/05
Belveglio;005008;-1;1;3.0799999237060547;2020/04/05
Berzano di San Pietro;005009;-1;1;2.4100000858306885;2020/04/05
Bruno;005010;-1;1;3.2200000286102295;2020/04/05
Bubbio;005011;-1;0;0;2020/04/05
Buttigliera d'Asti;005012;-1;0;0;2020/04/05
Calamandrana;005013;-1;1;0.5799999833106995;2020/04/05
Calliano;005014;-1;8;6.260000228881836;2020/04/05
Calosso;005015;-1;1;0.800000011920929;2020/04/05
Camerano Casasco;005016;-1;6;13.569999694824219;2020/04/05
Canelli;005017;-1;18;1.7300000190734863;2020/04/05
Cantarana;005018;-1;0;0;2020/04/05
Capriglio;005019;-1;0;0;2020/04/05
Casorzo;005020;-1;5;8.09000015258789;2020/04/05
Cassinasco;005021;-1;0;0;2020/04/05
Castagnole delle Lanze;005022;-1;24;6.400000095367432;2020/04/05
Castagnole Monferrato;005023;-1;3;2.5199999809265137;2020/04/05
Castel Boglione;005024;-1;0;0;2020/04/05
Castell'Alfero;005025;-1;17;6.360000133514404;2020/04/05
Castellero;005026;-1;1;3.450000047683716;2020/04/05
Castelletto Molina;005027;-1;0;0;2020/04/05
Castello di Annone;005028;-1;11;5.710000038146973;2020/04/05
Castelnuovo Belbo;005029;-1;1;1.1799999475479126;2020/04/05
Castelnuovo Calcea;005030;-1;1;1.3600000143051147;2020/04/05
Castelnuovo Don Bosco;005031;-1;10;3.1600000858306885;2020/04/05
Castel Rocchero;005032;-1;3;7.670000076293945;2020/04/05
Cellarengo;005033;-1;1;1.4199999570846558;2020/04/05
Celle Enomondo;005034;-1;7;14.680000305175781;2020/04/05
Cerreto d'Asti;005035;-1;1;4.570000171661377;2020/04/05
Cerro Tanaro;005036;-1;3;4.940000057220459;2020/04/05
Cessole;005037;-1;0;0;2020/04/05
Chiusano d'Asti;005038;-1;3;13.449999809265137;2020/04/05
Cinaglio;005039;-1;12;27.09000015258789;2020/04/05
Cisterna d'Asti;005040;-1;5;4.079999923706055;2020/04/05
Coazzolo;005041;-1;0;0;2020/04/05
Cocconato;005042;-1;4;2.7699999809265137;2020/04/05
Corsione;005044;-1;1;4.480000019073486;2020/04/05
Cortandone;005045;-1;1;3.1700000762939453;2020/04/05
Cortanze;005046;-1;11;39.290000915527344;2020/04/05
Cortazzone;005047;-1;1;1.6399999856948853;2020/04/05
Cortiglione;005048;-1;1;1.809999942779541;2020/04/05
Cossombrato;005049;-1;0;0;2020/04/05
Costigliole d'Asti;005050;-1;13;2.25;2020/04/05
Cunico;005051;-1;2;4.139999866485596;2020/04/05
Dusino San Michele;005052;-1;3;2.869999885559082;2020/04/05
Ferrere;005053;-1;35;22.489999771118164;2020/04/05
Fontanile;005054;-1;4;7.230000019073486;2020/04/05
Frinco;005055;-1;2;2.6700000762939453;2020/04/05
Grana;005056;-1;35;58.81999969482422;2020/04/05
Grazzano Badoglio;005057;-1;3;4.929999828338623;2020/04/05
Incisa Scapaccino;005058;-1;2;0.9100000262260437;2020/04/05
Isola d'Asti;005059;-1;4;1.9700000286102295;2020/04/05
Loazzolo;005060;-1;0;0;2020/04/05
Maranzana;005061;-1;0;0;2020/04/05
Maretto;005062;-1;0;0;2020/04/05
Moasca;005063;-1;2;3.9100000858306885;2020/04/05
Mombaldone;005064;-1;0;0;2020/04/05
Mombaruzzo;005065;-1;2;1.8700000047683716;2020/04/05
Mombercelli;005066;-1;3;1.399999976158142;2020/04/05
Monale;005067;-1;3;2.990000009536743;2020/04/05
Monastero Bormida;005068;-1;0;0;2020/04/05
Moncalvo;005069;-1;36;12.579999923706055;2020/04/05
Moncucco Torinese;005070;-1;0;0;2020/04/05
Mongardino;005071;-1;1;1.1200000047683716;2020/04/05
Montabone;005072;-1;0;0;2020/04/05
Montafia;005073;-1;4;4.25;2020/04/05
Montaldo Scarampi;005074;-1;19;25.440000534057617;2020/04/05
Montechiaro d'Asti;005075;-1;46;36.33000183105469;2020/04/05
Montegrosso d'Asti;005076;-1;11;4.769999980926514;2020/04/05
Montemagno;005077;-1;34;30.489999771118164;2020/04/05
Moransengo;005079;-1;0;0;2020/04/05
Nizza Monferrato;005080;-1;17;1.649999976158142;2020/04/05
Olmo Gentile;005081;-1;0;0;2020/04/05
Passerano Marmorito;005082;-1;6;13.859999656677246;2020/04/05
Penango;005083;-1;3;6.420000076293945;2020/04/05
Piea;005084;-1;3;5.179999828338623;2020/04/05
Pino d'Asti;005085;-1;0;0;2020/04/05
Piovà Massaia;005086;-1;1;1.649999976158142;2020/04/05
Portacomaro;005087;-1;39;19.239999771118164;2020/04/05
Quaranti;005088;-1;0;0;2020/04/05
Refrancore;005089;-1;3;1.909999966621399;2020/04/05
Revigliasco d'Asti;005090;-1;9;11.449999809265137;2020/04/05
Roatto;005091;-1;1;2.619999885559082;2020/04/05
Robella;005092;-1;0;0;2020/04/05
Rocca d'Arazzo;005093;-1;4;4.489999771118164;2020/04/05
Roccaverano;005094;-1;0;0;2020/04/05
Rocchetta Palafea;005095;-1;0;0;2020/04/05
Rocchetta Tanaro;005096;-1;29;20.389999389648438;2020/04/05
San Damiano d'Asti;005097;-1;20;2.4100000858306885;2020/04/05
San Giorgio Scarampi;005098;-1;0;0;2020/04/05
San Martino Alfieri;005099;-1;3;4.559999942779541;2020/04/05
San Marzano Oliveto;005100;-1;2;1.9700000286102295;2020/04/05
San Paolo Solbrito;005101;-1;1;0.8399999737739563;2020/04/05
Scurzolengo;005103;-1;1;1.8300000429153442;2020/04/05
Serole;005104;-1;0;0;2020/04/05
Sessame;005105;-1;0;0;2020/04/05
Settime;005106;-1;4;7.269999980926514;2020/04/05
Soglio;005107;-1;1;6.849999904632568;2020/04/05
Tigliole;005108;-1;2;1.159999966621399;2020/04/05
Tonco;005109;-1;17;21.010000228881836;2020/04/05
Tonengo;005110;-1;0;0;2020/04/05
Vaglio Serra;005111;-1;0;0;2020/04/05
Valfenera;005112;-1;8;3.319999933242798;2020/04/05
Vesime;005113;-1;16;26.31999969482422;2020/04/05
Viale;005114;-1;0;0;2020/04/05
Viarigi;005115;-1;2;2.2799999713897705;2020/04/05
Vigliano d'Asti;005116;-1;2;2.5199999809265137;2020/04/05
Villafranca d'Asti;005117;-1;7;2.319999933242798;2020/04/05
Villanova d'Asti;005118;-1;14;2.4700000286102295;2020/04/05
Villa San Secondo;005119;-1;5;13.119999885559082;2020/04/05
Vinchio;005120;-1;3;5.210000038146973;2020/04/05
Montiglio Monferrato;005121;-1;3;1.8700000047683716;2020/04/05
Acqui Terme;006001;-1;121;6.170000076293945;2020/04/05
Albera Ligure;006002;-1;0;0;2020/04/05
Alessandria;006003;-1;455;4.860000133514404;2020/04/05
Alfiano Natta;006004;-1;0;0;2020/04/05
Alice Bel Colle;006005;-1;0;0;2020/04/05
Altavilla Monferrato;006007;-1;0;0;2020/04/05
Alzano Scrivia;006008;-1;2;5.710000038146973;2020/04/05
Arquata Scrivia;006009;-1;7;1.100000023841858;2020/04/05
Avolasca;006010;-1;0;0;2020/04/05
Balzola;006011;-1;2;1.4800000190734863;2020/04/05
Basaluzzo;006012;-1;7;3.380000114440918;2020/04/05
Bassignana;006013;-1;3;1.7899999618530273;2020/04/05
Belforte Monferrato;006014;-1;4;7.889999866485596;2020/04/05
Bergamasco;006015;-1;5;6.940000057220459;2020/04/05
Berzano di Tortona;006016;-1;0;0;2020/04/05
Bistagno;006017;-1;2;1.1100000143051147;2020/04/05
Borghetto di Borbera;006018;-1;1;0.5099999904632568;2020/04/05
Borgoratto Alessandrino;006019;-1;0;0;2020/04/05
Borgo San Martino;006020;-1;1;0.7200000286102295;2020/04/05
Bosco Marengo;006021;-1;22;9.319999694824219;2020/04/05
Bosio;006022;-1;0;0;2020/04/05
Bozzole;006023;-1;0;0;2020/04/05
Brignano-Frascata;006024;-1;2;4.579999923706055;2020/04/05
Cabella Ligure;006025;-1;2;3.9800000190734863;2020/04/05
Camagna Monferrato;006026;-1;2;4.050000190734863;2020/04/05
Camino;006027;-1;0;0;2020/04/05
Cantalupo Ligure;006028;-1;0;0;2020/04/05
Capriata d'Orba;006029;-1;1;0.5400000214576721;2020/04/05
Carbonara Scrivia;006030;-1;3;2.6600000858306885;2020/04/05
Carentino;006031;-1;0;0;2020/04/05
Carezzano;006032;-1;4;9.09000015258789;2020/04/05
Carpeneto;006033;-1;0;0;2020/04/05
Carrega Ligure;006034;-1;0;0;2020/04/05
Carrosio;006035;-1;0;0;2020/04/05
Cartosio;006036;-1;0;0;2020/04/05
Casal Cermelli;006037;-1;106;86.80999755859375;2020/04/05
Casaleggio Boiro;006038;-1;3;7.849999904632568;2020/04/05
Casale Monferrato;006039;-1;212;6.289999961853027;2020/04/05
Casalnoceto;006040;-1;19;19.43000030517578;2020/04/05
Casasco;006041;-1;1;7.579999923706055;2020/04/05
Cassine;006043;-1;5;1.7000000476837158;2020/04/05
Cassinelle;006044;-1;0;0;2020/04/05
Castellania Coppi;006045;-1;0;0;2020/04/05
Castellar Guidobono;006046;-1;1;2.509999990463257;2020/04/05
Castellazzo Bormida;006047;-1;84;18.559999465942383;2020/04/05
Castelletto d'Erro;006048;-1;0;0;2020/04/05
Castelletto d'Orba;006049;-1;9;4.590000152587891;2020/04/05
Castelletto Merli;006050;-1;2;4.460000038146973;2020/04/05
Castelletto Monferrato;006051;-1;2;1.3300000429153442;2020/04/05
Castelnuovo Bormida;006052;-1;2;2.859999895095825;2020/04/05
Castelnuovo Scrivia;006053;-1;66;12.880000114440918;2020/04/05
Castelspina;006054;-1;3;7.139999866485596;2020/04/05
Cavatore;006055;-1;0;0;2020/04/05
Cella Monte;006056;-1;8;16.030000686645508;2020/04/05
Cereseto;006057;-1;1;2.4800000190734863;2020/04/05
Cerreto Grue;006058;-1;4;13.199999809265137;2020/04/05
Cerrina Monferrato;006059;-1;4;2.950000047683716;2020/04/05
Coniolo;006060;-1;0;0;2020/04/05
Conzano;006061;-1;1;1.0399999618530273;2020/04/05
Costa Vescovato;006062;-1;1;3.059999942779541;2020/04/05
Cremolino;006063;-1;13;12.170000076293945;2020/04/05
Denice;006065;-1;0;0;2020/04/05
Dernice;006066;-1;2;11.050000190734863;2020/04/05
Fabbrica Curone;006067;-1;1;1.6399999856948853;2020/04/05
Felizzano;006068;-1;7;3.109999895095825;2020/04/05
Fraconalto;006069;-1;0;0;2020/04/05
Francavilla Bisio;006070;-1;0;0;2020/04/05
Frascaro;006071;-1;0;0;2020/04/05
Frassinello Monferrato;006072;-1;0;0;2020/04/05
Frassineto Po;006073;-1;4;2.9000000953674316;2020/04/05
Fresonara;006074;-1;3;4.480000019073486;2020/04/05
Frugarolo;006075;-1;6;3.069999933242798;2020/04/05
Fubine Monferrato;006076;-1;28;17.459999084472656;2020/04/05
Gabiano;006077;-1;1;0.9100000262260437;2020/04/05
Gamalero;006078;-1;0;0;2020/04/05
Garbagna;006079;-1;5;7.559999942779541;2020/04/05
Gavi;006081;-1;7;1.559999942779541;2020/04/05
Giarole;006082;-1;4;5.679999828338623;2020/04/05
Gremiasco;006083;-1;0;0;2020/04/05
Grognardo;006084;-1;1;4.150000095367432;2020/04/05
Grondona;006085;-1;0;0;2020/04/05
Guazzora;006086;-1;3;9.899999618530273;2020/04/05
Isola Sant'Antonio;006087;-1;2;2.9200000762939453;2020/04/05
Lerma;006088;-1;3;3.6600000858306885;2020/04/05
Malvicino;006090;-1;0;0;2020/04/05
Masio;006091;-1;14;10.260000228881836;2020/04/05
Melazzo;006092;-1;8;6.190000057220459;2020/04/05
Merana;006093;-1;0;0;2020/04/05
Mirabello Monferrato;006094;-1;2;1.5299999713897705;2020/04/05
Molare;006095;-1;5;2.4200000762939453;2020/04/05
Molino dei Torti;006096;-1;3;5.110000133514404;2020/04/05
Mombello Monferrato;006097;-1;4;3.9600000381469727;2020/04/05
Momperone;006098;-1;0;0;2020/04/05
Moncestino;006099;-1;1;5.099999904632568;2020/04/05
Mongiardino Ligure;006100;-1;0;0;2020/04/05
Monleale;006101;-1;9;15.899999618530273;2020/04/05
Montacuto;006102;-1;3;11.899999618530273;2020/04/05
Montaldeo;006103;-1;0;0;2020/04/05
Montaldo Bormida;006104;-1;1;1.5700000524520874;2020/04/05
Montecastello;006105;-1;0;0;2020/04/05
Montechiaro d'Acqui;006106;-1;1;1.8600000143051147;2020/04/05
Montegioco;006107;-1;7;23.030000686645508;2020/04/05
Montemarzino;006108;-1;0;0;2020/04/05
Morano sul Po;006109;-1;2;1.440000057220459;2020/04/05
Morbello;006110;-1;0;0;2020/04/05
Mornese;006111;-1;0;0;2020/04/05
Morsasco;006112;-1;1;1.590000033378601;2020/04/05
Murisengo;006113;-1;17;12.460000038146973;2020/04/05
Novi Ligure;006114;-1;91;3.2200000286102295;2020/04/05
Occimiano;006115;-1;2;1.5499999523162842;2020/04/05
Odalengo Grande;006116;-1;27;63.83000183105469;2020/04/05
Odalengo Piccolo;006117;-1;1;3.9200000762939453;2020/04/05
Olivola;006118;-1;0;0;2020/04/05
Orsara Bormida;006119;-1;1;2.490000009536743;2020/04/05
Ottiglio;006120;-1;0;0;2020/04/05
Ovada;006121;-1;75;6.639999866485596;2020/04/05
Oviglio;006122;-1;2;1.6200000047683716;2020/04/05
Ozzano Monferrato;006123;-1;3;2.140000104904175;2020/04/05
Paderna;006124;-1;3;15.869999885559082;2020/04/05
Pareto;006125;-1;2;3.75;2020/04/05
Parodi Ligure;006126;-1;2;3.0799999237060547;2020/04/05
Pasturana;006127;-1;0;0;2020/04/05
Pecetto di Valenza;006128;-1;9;7.480000019073486;2020/04/05
Pietra Marazzi;006129;-1;4;4.440000057220459;2020/04/05
Pomaro Monferrato;006131;-1;0;0;2020/04/05
Pontecurone;006132;-1;33;9.300000190734863;2020/04/05
Pontestura;006133;-1;5;3.5199999809265137;2020/04/05
Ponti;006134;-1;1;1.7599999904632568;2020/04/05
Ponzano Monferrato;006135;-1;1;2.9700000286102295;2020/04/05
Ponzone;006136;-1;0;0;2020/04/05
Pozzol Groppo;006137;-1;0;0;2020/04/05
Pozzolo Formigaro;006138;-1;9;1.9299999475479126;2020/04/05
Prasco;006139;-1;3;6.099999904632568;2020/04/05
Predosa;006140;-1;40;20.25;2020/04/05
Quargnento;006141;-1;6;4.260000228881836;2020/04/05
Quattordio;006142;-1;28;17.639999389648438;2020/04/05
Ricaldone;006143;-1;5;7.730000019073486;2020/04/05
Rivalta Bormida;006144;-1;4;2.8499999046325684;2020/04/05
Rivarone;006145;-1;0;0;2020/04/05
Roccaforte Ligure;006146;-1;0;0;2020/04/05
Rocca Grimalda;006147;-1;0;0;2020/04/05
Rocchetta Ligure;006148;-1;0;0;2020/04/05
Rosignano Monferrato;006149;-1;5;3.309999942779541;2020/04/05
Sala Monferrato;006150;-1;1;2.990000009536743;2020/04/05
Sale;006151;-1;129;31.90999984741211;2020/04/05
San Cristoforo;006152;-1;2;3.450000047683716;2020/04/05
San Giorgio Monferrato;006153;-1;18;14.8100004196167;2020/04/05
San Salvatore Monferrato;006154;-1;7;1.659999966621399;2020/04/05
San Sebastiano Curone;006155;-1;6;10.289999961853027;2020/04/05
Sant'Agata Fossili;006156;-1;2;5;2020/04/05
Sardigliano;006157;-1;1;2.5299999713897705;2020/04/05
Sarezzano;006158;-1;3;2.559999942779541;2020/04/05
Serralunga di Crea;006159;-1;2;3.740000009536743;2020/04/05
Serravalle Scrivia;006160;-1;15;2.490000009536743;2020/04/05
Sezzadio;006161;-1;14;11.140000343322754;2020/04/05
Silvano d'Orba;006162;-1;15;7.75;2020/04/05
Solero;006163;-1;8;4.800000190734863;2020/04/05
Solonghello;006164;-1;1;4.71999979019165;2020/04/05
Spigno Monferrato;006165;-1;0;0;2020/04/05
Spineto Scrivia;006166;-1;2;5.449999809265137;2020/04/05
Stazzano;006167;-1;45;18.790000915527344;2020/04/05
Strevi;006168;-1;5;2.559999942779541;2020/04/05
Tagliolo Monferrato;006169;-1;7;4.539999961853027;2020/04/05
Tassarolo;006170;-1;2;3.180000066757202;2020/04/05
Terruggia;006171;-1;25;26.940000534057617;2020/04/05
Terzo;006172;-1;1;1.1799999475479126;2020/04/05
Ticineto;006173;-1;1;0.75;2020/04/05
Tortona;006174;-1;230;8.430000305175781;2020/04/05
Treville;006175;-1;0;0;2020/04/05
Trisobbio;006176;-1;4;5.889999866485596;2020/04/05
Valenza;006177;-1;65;3.490000009536743;2020/04/05
Valmacca;006178;-1;2;1.9900000095367432;2020/04/05
Vignale Monferrato;006179;-1;1;1.0199999809265137;2020/04/05
Vignole Borbera;006180;-1;4;1.9299999475479126;2020/04/05
Viguzzolo;006181;-1;15;4.840000152587891;2020/04/05
Villadeati;006182;-1;4;8.210000038146973;2020/04/05
Villalvernia;006183;-1;3;3.359999895095825;2020/04/05
Villamiroglio;006184;-1;0;0;2020/04/05
Villanova Monferrato;006185;-1;4;2.1500000953674316;2020/04/05
Villaromagnano;006186;-1;7;10.449999809265137;2020/04/05
Visone;006187;-1;3;2.430000066757202;2020/04/05
Volpedo;006188;-1;1;0.8399999737739563;2020/04/05
Volpeglino;006189;-1;0;0;2020/04/05
Voltaggio;006190;-1;1;1.409999966621399;2020/04/05
Cassano Spinola;006191;-1;2;1.1100000143051147;2020/04/05
Alluvioni Piovera;006192;-1;11;6.329999923706055;2020/04/05
Lu e Cuccaro Monferrato;006193;-1;3;2.140000104904175;2020/04/05
Ailoche;096001;-1;0;0;2020/04/05
Andorno Micca;096002;-1;27;8.5;2020/04/05
Benna;096003;-1;4;3.4100000858306885;2020/04/05
Biella;096004;-1;162;3.680000066757202;2020/04/05
Bioglio;096005;-1;0;0;2020/04/05
Borriana;096006;-1;3;3.430000066757202;2020/04/05
Brusnengo;096007;-1;1;0.5;2020/04/05
Callabiana;096008;-1;0;0;2020/04/05
Camandona;096009;-1;0;0;2020/04/05
Camburzano;096010;-1;28;24.260000228881836;2020/04/05
Candelo;096012;-1;11;1.4600000381469727;2020/04/05
Caprile;096013;-1;1;5.260000228881836;2020/04/05
Casapinta;096014;-1;1;2.390000104904175;2020/04/05
Castelletto Cervo;096015;-1;0;0;2020/04/05
Cavaglià;096016;-1;5;1.3799999952316284;2020/04/05
Cerrione;096018;-1;2;0.6899999976158142;2020/04/05
Coggiola;096019;-1;5;2.7799999713897705;2020/04/05
Cossato;096020;-1;38;2.609999895095825;2020/04/05
Crevacuore;096021;-1;4;2.6700000762939453;2020/04/05
Curino;096023;-1;2;4.159999847412109;2020/04/05
Donato;096024;-1;0;0;2020/04/05
Dorzano;096025;-1;0;0;2020/04/05
Gaglianico;096026;-1;8;2.140000104904175;2020/04/05
Gifflenga;096027;-1;0;0;2020/04/05
Graglia;096028;-1;1;0.6600000262260437;2020/04/05
Magnano;096030;-1;3;7.610000133514404;2020/04/05
Massazza;096031;-1;0;0;2020/04/05
Masserano;096032;-1;0;0;2020/04/05
Mezzana Mortigliengo;096033;-1;0;0;2020/04/05
Miagliano;096034;-1;0;0;2020/04/05
Mongrando;096035;-1;8;2.109999895095825;2020/04/05
Mottalciata;096037;-1;3;2.2200000286102295;2020/04/05
Muzzano;096038;-1;2;3.3299999237060547;2020/04/05
Netro;096039;-1;9;9.260000228881836;2020/04/05
Occhieppo Inferiore;096040;-1;27;6.920000076293945;2020/04/05
Occhieppo Superiore;096041;-1;23;8.550000190734863;2020/04/05
Pettinengo;096042;-1;1;0.6600000262260437;2020/04/05
Piatto;096043;-1;1;1.9800000190734863;2020/04/05
Piedicavallo;096044;-1;0;0;2020/04/05
Pollone;096046;-1;21;9.9399995803833;2020/04/05
Ponderano;096047;-1;9;2.380000114440918;2020/04/05
Portula;096048;-1;5;4.190000057220459;2020/04/05
Pralungo;096049;-1;3;1.2699999809265137;2020/04/05
Pray;096050;-1;5;2.369999885559082;2020/04/05
Ronco Biellese;096053;-1;3;1.9900000095367432;2020/04/05
Roppolo;096054;-1;2;2.2699999809265137;2020/04/05
Rosazza;096055;-1;0;0;2020/04/05
Sagliano Micca;096056;-1;3;1.8700000047683716;2020/04/05
Sala Biellese;096057;-1;1;1.690000057220459;2020/04/05
Salussola;096058;-1;2;1.0399999618530273;2020/04/05
Sandigliano;096059;-1;7;2.619999885559082;2020/04/05
Sordevolo;096063;-1;0;0;2020/04/05
Sostegno;096064;-1;1;1.2999999523162842;2020/04/05
Strona;096065;-1;2;1.8700000047683716;2020/04/05
Tavigliano;096066;-1;0;0;2020/04/05
Ternengo;096067;-1;0;0;2020/04/05
Tollegno;096068;-1;1;0.4099999964237213;2020/04/05
Torrazzo;096069;-1;0;0;2020/04/05
Valdengo;096071;-1;5;2.0299999713897705;2020/04/05
Vallanzengo;096072;-1;2;9.260000228881836;2020/04/05
Valle San Nicolao;096074;-1;4;4.210000038146973;2020/04/05
Veglio;096075;-1;0;0;2020/04/05
Verrone;096076;-1;1;0.800000011920929;2020/04/05
Vigliano Biellese;096077;-1;16;2.0899999141693115;2020/04/05
Villa del Bosco;096078;-1;4;11.9399995803833;2020/04/05
Villanova Biellese;096079;-1;0;0;2020/04/05
Viverone;096080;-1;21;14.880000114440918;2020/04/05
Zimone;096081;-1;0;0;2020/04/05
Zubiena;096082;-1;0;0;2020/04/05
Zumaglia;096083;-1;1;0.9800000190734863;2020/04/05
Lessona;096085;-1;14;5.139999866485596;2020/04/05
Campiglia Cervo;096086;-1;1;1.9900000095367432;2020/04/05
Quaregna Cerreto;096087;-1;0;0;2020/04/05
Valdilana;096088;-1;21;1.940000057220459;2020/04/05
